/*
Navicat MySQL Data Transfer

Source Server         : MYSQL
Source Server Version : 50517
Source Host           : 192.168.126.242:3306
Source Database       : jfly

Target Server Type    : MYSQL
Target Server Version : 50517
File Encoding         : 65001

Date: 2018-03-05 10:25:59
*/

SET FOREIGN_KEY_CHECKS=0;
-- ----------------------------
-- Table structure for `act_evt_log`
-- ----------------------------
DROP TABLE IF EXISTS `act_evt_log`;
CREATE TABLE `act_evt_log` (
  `LOG_NR_` bigint(20) NOT NULL AUTO_INCREMENT,
  `TYPE_` varchar(64) COLLATE utf8_bin DEFAULT NULL,
  `PROC_DEF_ID_` varchar(64) COLLATE utf8_bin DEFAULT NULL,
  `PROC_INST_ID_` varchar(64) COLLATE utf8_bin DEFAULT NULL,
  `EXECUTION_ID_` varchar(64) COLLATE utf8_bin DEFAULT NULL,
  `TASK_ID_` varchar(64) COLLATE utf8_bin DEFAULT NULL,
  `TIME_STAMP_` timestamp NOT NULL DEFAULT CURRENT_TIMESTAMP ON UPDATE CURRENT_TIMESTAMP,
  `USER_ID_` varchar(255) COLLATE utf8_bin DEFAULT NULL,
  `DATA_` longblob,
  `LOCK_OWNER_` varchar(255) COLLATE utf8_bin DEFAULT NULL,
  `LOCK_TIME_` timestamp NULL DEFAULT NULL,
  `IS_PROCESSED_` tinyint(4) DEFAULT '0',
  PRIMARY KEY (`LOG_NR_`)
) ENGINE=InnoDB DEFAULT CHARSET=utf8 COLLATE=utf8_bin;

-- ----------------------------
-- Records of act_evt_log
-- ----------------------------

-- ----------------------------
-- Table structure for `act_ge_bytearray`
-- ----------------------------
DROP TABLE IF EXISTS `act_ge_bytearray`;
CREATE TABLE `act_ge_bytearray` (
  `ID_` varchar(64) COLLATE utf8_bin NOT NULL DEFAULT '',
  `REV_` int(11) DEFAULT NULL,
  `NAME_` varchar(255) COLLATE utf8_bin DEFAULT NULL,
  `DEPLOYMENT_ID_` varchar(64) COLLATE utf8_bin DEFAULT NULL,
  `BYTES_` longblob,
  `GENERATED_` tinyint(4) DEFAULT NULL,
  PRIMARY KEY (`ID_`),
  KEY `ACT_FK_BYTEARR_DEPL` (`DEPLOYMENT_ID_`),
  CONSTRAINT `ACT_FK_BYTEARR_DEPL` FOREIGN KEY (`DEPLOYMENT_ID_`) REFERENCES `act_re_deployment` (`ID_`)
) ENGINE=InnoDB DEFAULT CHARSET=utf8 COLLATE=utf8_bin;

-- ----------------------------
-- Records of act_ge_bytearray
-- ----------------------------
INSERT INTO act_ge_bytearray VALUES ('2', '2', 'source', null, 0x7B227265736F757263654964223A2231222C2270726F70657274696573223A7B2270726F636573735F6964223A2270726F63657373222C226E616D65223A22222C22646F63756D656E746174696F6E223A22222C2270726F636573735F617574686F72223A22222C2270726F636573735F76657273696F6E223A22222C2270726F636573735F6E616D657370616365223A22687474703A2F2F7777772E61637469766974692E6F72672F70726F63657373646566222C22657865637574696F6E6C697374656E657273223A22222C226576656E746C697374656E657273223A22222C227369676E616C646566696E6974696F6E73223A22222C226D657373616765646566696E6974696F6E73223A22227D2C227374656E63696C223A7B226964223A2242504D4E4469616772616D227D2C226368696C64536861706573223A5B7B227265736F757263654964223A227369642D45394535444338452D343743322D343431372D424243392D353936414142413230444535222C2270726F70657274696573223A7B226F766572726964656964223A22222C226E616D65223A22222C22646F63756D656E746174696F6E223A22222C22657865637574696F6E6C697374656E657273223A22222C22696E69746961746F72223A22222C22666F726D6B6579646566696E6974696F6E223A22222C22666F726D70726F70657274696573223A22227D2C227374656E63696C223A7B226964223A2253746172744E6F6E654576656E74227D2C226368696C64536861706573223A5B5D2C226F7574676F696E67223A5B7B227265736F757263654964223A227369642D45363342383645382D384141322D343838322D383138392D383333323343434444304636227D5D2C22626F756E6473223A7B226C6F7765725269676874223A7B2278223A3133382C2279223A3135357D2C2275707065724C656674223A7B2278223A3130382C2279223A3132357D7D2C22646F636B657273223A5B5D7D2C7B227265736F757263654964223A227369642D30353443353134302D373444302D343643362D423339322D383135394241434430364532222C2270726F70657274696573223A7B226F766572726964656964223A22222C226E616D65223A22222C22646F63756D656E746174696F6E223A22222C226173796E6368726F6E6F7573646566696E6974696F6E223A2266616C7365222C226578636C7573697665646566696E6974696F6E223A2266616C7365222C22657865637574696F6E6C697374656E657273223A22222C226D756C7469696E7374616E63655F74797065223A224E6F6E65222C226D756C7469696E7374616E63655F63617264696E616C697479223A22222C226D756C7469696E7374616E63655F636F6C6C656374696F6E223A22222C226D756C7469696E7374616E63655F7661726961626C65223A22222C226D756C7469696E7374616E63655F636F6E646974696F6E223A22222C226973666F72636F6D70656E736174696F6E223A2266616C7365222C22757365727461736B61737369676E6D656E74223A22222C22666F726D6B6579646566696E6974696F6E223A22222C2264756564617465646566696E6974696F6E223A22222C227072696F72697479646566696E6974696F6E223A22222C22666F726D70726F70657274696573223A22222C227461736B6C697374656E657273223A22227D2C227374656E63696C223A7B226964223A22557365725461736B227D2C226368696C64536861706573223A5B5D2C226F7574676F696E67223A5B5D2C22626F756E6473223A7B226C6F7765725269676874223A7B2278223A3332362C2279223A3138317D2C2275707065724C656674223A7B2278223A3232362C2279223A3130317D7D2C22646F636B657273223A5B5D7D2C7B227265736F757263654964223A227369642D45363342383645382D384141322D343838322D383138392D383333323343434444304636222C2270726F70657274696573223A7B226F766572726964656964223A22222C226E616D65223A22222C22646F63756D656E746174696F6E223A22222C22636F6E646974696F6E73657175656E6365666C6F77223A22222C22657865637574696F6E6C697374656E657273223A22222C2264656661756C74666C6F77223A2266616C7365227D2C227374656E63696C223A7B226964223A2253657175656E6365466C6F77227D2C226368696C64536861706573223A5B5D2C226F7574676F696E67223A5B7B227265736F757263654964223A227369642D30353443353134302D373444302D343643362D423339322D383135394241434430364532227D5D2C22626F756E6473223A7B226C6F7765725269676874223A7B2278223A3232352E39393232303838353836323139352C2279223A3134302E36373331353136393138383634337D2C2275707065724C656674223A7B2278223A3133382E33343337323836343133373830352C2279223A3134302E31303032383538303831313335377D7D2C22646F636B657273223A5B7B2278223A31352C2279223A31357D2C7B2278223A35302C2279223A34307D5D2C22746172676574223A7B227265736F757263654964223A227369642D30353443353134302D373444302D343643362D423339322D383135394241434430364532227D7D5D2C22626F756E6473223A7B226C6F7765725269676874223A7B2278223A313230302C2279223A313035307D2C2275707065724C656674223A7B2278223A302C2279223A307D7D2C227374656E63696C736574223A7B2275726C223A227374656E63696C736574732F62706D6E322E302F62706D6E322E302E6A736F6E222C226E616D657370616365223A22687474703A2F2F62336D6E2E6F72672F7374656E63696C7365742F62706D6E322E3023227D2C227373657874656E73696F6E73223A5B5D7D, null);
INSERT INTO act_ge_bytearray VALUES ('3', '1', 'source-extra', null, 0x89504E470D0A1A0A0000000D4948445200000178000000E7080600000014DA4D84000000206348524D00007A26000080840000FA00000080E8000075300000EA6000003A98000017709CBA513C0000000467414D410000B18E7CFB5193000000017352474200AECE1CE900000006624B474400FF00FF00FFA0BDA793000000097048597300000EC400000EC401952B0E1B00000B3E4944415478DAEDDD7D6C55E77D07F063FBFA85106C6A6144331242461AB28A84445998369441960405D225125181E2A46A9484756B26856A891691B4A224451B89B6565BDAAC74800C71784920DACA304C058D22421302B595AC7503861463DE8C6D6CECE2B73D0FCB1FED8833375C5FAECDE7231D1D737DEDABFB3BE67B7FF739CF796E92000000000000000000000000000000000000000000000000000000000000000000000000000000000000000000000000000000000000000000000000000000000000000000000000000000000000000000000000000000000000000000000000000000000000000000000000000000000000000000000000000000000000000000000000000000000000000000000000000000D06F394A00D9A9B7B7B7E8E0C1835F6B6D6D2D3F7BF6EC0D6D6D6D453D3D3D0A73B1A19793D35B585878AAA0A0604F6767E7B2A953A7FE58C003191382FD2F4E9E3CF9624747C71563C68C494A4A4A9211234624B9B9B98A7391E28B6478D14C5A5A5A9286868673DDDDDDEFB7B7B797CF9831A346C00303EAF0E1C31B0F1C3870FF35D75C935C75D555B1E3549401545F5F9FD4D5D5B587774CF3EEBCF3CE4D43E9B9E539BC905DE11EB6FB6FBCF1C6A4ACAC4CB867407C67545A5A9A7FFCF8F159E5E5E5D5AB56ADFA858007D22A0ECB844EF2EB31DC8B8B8B2FF8FEAF5B8F250DEFBD9134BCBF293979F0C7C9D9D30793C2E1A3935461B1E25DA482828218F2850D0D0D33E7CF9FFFEF151515C787C2F332A00759209E508D63EE7158A6AF70FF70EF0F93D6933F4F7ABACF25BD3D5DC9D9C60F92C3EF2C4F3A5A8E28601A0C1F3E3CB9F6DA6B7BF2F2F2BE33549E938087ECE8DEBF164FA8C631F78FD378E8BF92AE736D17DC1EC3FEE4C1ED0A982663C78E2D4DA552D76FDDBAF58F043C9016712A649C2DD3D7987BFB2774E9B1BB277D468F1EDD1076B3053C9016719E7B9C0AD997DEEECEBE7FB8D7DCF8741A356AD4EF85DDB4A1F05C520E275C7AF122A6389B834B2F1C87CF865D990E1E488B78F18D8B98B22414FFF7380C89E6D75F140C02F9C33ED3F7DBF0429D3F021E06ADD26BFE3849150CBFE0F6BCFC6149E9B8A90A848087C1EACAB21B93E1A36EF8D8DB478CFEBC0221E06130EBEE6CBFE0B6AE5F9F5118043C0C56E7DA4E9CBF62B5F5C4FB177CAFED546D72F8ED7F397F1F10F0308834D7EF0DE1FE83F3EBCEF4E56CD3A1A46ECFCBC9E9C3BB925E73E2F90DE6C1439676EDC77EF1A3F31D7A7FC4250BE2FDCF842E7FF4E7662645E7A772A38307B24EECC8FB1BEEBFD5CD874EFFD04FBFAF800878C856B123FFB4E24A931019A2812C34F1AE258A800E1E00010F20E00118FC8CC10F41F1E3DFAAABABBFFCEEBBEF7EE9E8D1A393EBEBEBAF6869694975747424A954AA77C488119DA5A5A5478A8B8B7785BB7FEBE9A79FFEB9AA818027CB83FDF5D75F7F65C99225F34E9D3A958A1FDE3C6DDAB4E4EAABAF8E1F289C1415152521E473CE9C3953F0E1871F8EAFA9A919BF77EFDE2F3DF9E49387DBDADA96BCF2CA2B3F504510F06499DDBB773FF2FCF3CFFF73737373E1DCB973939B6FBE39C9CBCBBBE07E31E4E356565696DC7AEBADC9C30F3F9CB37FFFFE71959595DF5BB060C1D71B1B1BBFB06EDDBA5FAA2808782E7DD79E7AF3CD37AB56AC58317DD6AC59C9BDF7DEFBB1C1FE49E28B41D8F2B66CD93271EDDAB53F7BFCF1C7FF5A370F839F93AC833CDC77ECD8B16BDBB66DD3172E5C98DC77DF7DBF73B8FFA619336624CF3DF7DCB0DCDCDCEF3CFAE8A37FA5C220E0B94462E7BE61C3863F7CF6D96793EBAFBF3E2DBF73DCB871C9E2C58B63C82F9D376F5EB92A838027C3E298FBE6CD9BA73FF1C413E7C7D3D329FEBE679E79E6CAFCFCFCEF86909FA8DA20E0C990385BA6AAAAEAE538E69EAECEFDE33AF93973E614864EFE5F551C043C19B271E3C6E571AA631C331F483367CE1C56525232DE500D087832D4BDD7D4D47C314E85CCCFCF1FF0C75BB060C1674217EF846B3F8463B2286CD354826C619AE42013AF503D7EFC782A4E6DCC849B6EBAA9A0B0B0707C08AE6B2B2B2BEB1C814FF4AD8F82FE64D87D2FBC306E58B366CD3E6541C0D32F71F981BE2E621A2893264D6A78EBADB71E0C5F2E7304FA6554D816F5F4F4C48EFEEDF0AE6B432A95AA58BD7AF5AF9406014F9FE2DA3271F9814C9A3265CAC810F07F2AE03F95DB7272726EEBEEEEFE7608FBED31EC43F0AF58B76E5DABD220E0F92D71E1B038C32593AEBBEEBA2BC26EB2EA5FB46921ECA785775F7F3F67CE9CFFC8CDCD5DD9D5D5B54DD823E0392FAE0A3972E4C88C3E6667676759E83CBB4207FA4D47202D8A42D03F106AFA401C6A0B61FFCB13274EA80A02FE721797FC8D8B8565D2EEDDBB931048F16FE51B8E40FA85DA4ED8B3674F327BF66CC540C05FCE0A0B0B7BE392BF990CF9DB6FBFFDE4FAF5EB4786207ADE11F8449FEA0530D4F5C0E4C993AF533E04FC65AEB8B8B8B3A9A9A960CC9831197BCCFCFCFCC610421D959595DF7404FA3677EEDCFE067C4BA8E78FC27E6578C1DEBE62C58A8E471E79A4570511F097B99123471E3E74E8D0844C067C7575F50761D7ADFA17A5B1B7B7F7F53837FEE8D1A3DBB66FDFDEA5240878FE6F07BFA3A6A666C294295332F698BB76ED8ADDE50ED5FFDD842EFD780CF5F0E56B454545BB63A7AE2A0878FAD4DCDCFCEDD0C17FA5BBBB3B3743173B75D4D6D6C615252D57D0BF503F1042BD2A7CB93C74EAFB74EA0878FA6DC992251F2C5CB8F0E0FEFDFB7F3F7EE4DE40ABAAAA8A17E68CB34C41BF4C0FA1BE53A8932D2C363638BBF8BF5DB3664D57E8E207FAA19A56AE5CF907A12BFDBEAAFFFFC28BE076E18E80E7A22C5FBE7C5D6B6BEBFB9B376F1ED0C759B66C59ECDEDB42575AA9EA20E0C95C17FFE76FBCF1467B6D6DED80FCFEEAEAEA37DF79E79D59A17B7F4C570A029ECC0E07D49D3B77EEB1175F7CF16CBA2F733F72E4C84F962E5D3A3984FBDFBCFAEAABFFADDA20E0C9B08A8A8AD5ADADAD4F2C5AB4A8355D9D7CECDC9F7AEAA9ABBBBBBB5F0EE15EA1CA20E0B94456AF5EFDC3E6E6E6C7162F5EDCB269D3A6B68B38F1DAF4D24B2FAD78E185176EEFE9E9F9C66BAFBDB654756170334D720808615C3977EEDCDD6BD7AE5DBE79F3E6CF2F58B0A0F8965B6E19D6CF1FEFD8BA75EBC655AB564DE8EAEA9A90939333DDB00C0878B2C847F3D4FF2C04FD83CB962DFB6A4141C1A48913279E983A75EA95E3C78F2F282D2D1D1317286B6F6F3FD6D4D4D4FCDE7BEFD5EEDCB933AFB6B6F686D0F58F0D3FFB4F0D0D0D154EA88280277B837E7DD8AD9F3F7FFED8FDFBF73FB86FDFBE3F09FFBE2D76EA618B4B509684AD336C71F981FF0CDB575DC404029E41E4A3CFFFFC878F36E032E4242B80800740C00320E00110F000087800043C80800740C00320E00110F000087800043C80800740C00320E081F01F3137B7B7A7A74721B240380E87C26E487CB29980872C50545474FCCC99330A91054E9F3E5D1376FB043C9016F9F9F93B9B9B9B15220B343434B484DD76010FA4454747C7DF1D3D7AB4B3B7B757312EADBAC6C6C69BC37E838007D2E28E3BEED813C2FD67F5F5F58A7109D5D4D46C0DC7A1FEEEBBEFDE2DE0817476F1E5757575675B5A5A14E312686A6ADA14BAF72FF4F4F43C39549E539EC30AD9A1A2A2E2E4430F3DB4E7D4A953F7979494141516162A4A06C3BDBABA7A524E4ECE5FDE73CF3D3B053C9076AB56AD3A505E5EFEF6B163C71E0861D3565C5C3C2CEC1566E0D4D5D4D4AC0BEF9CEE8CE17ED75D77FDDB507A72FE72200B6DD9B265626E6EEE3FA652A95BCACACA7E356AD4A8CF86AE7E4CB84D712E529CE71EA742C6D932F1846A1C738FC3323366CCA8196ACF55C04316ABAAAA9A1C3ACBD9E1CB6961BB2D6C45AA72D1E2454C719EFBF6B06D182A27540100000000000000000000000000000000000000000000000000000000000000000000000000000000000000000000000000000000000000000000000000000000000000000000B88CFC0FCF2DF3B456E500650000000049454E44AE426082, null);
INSERT INTO act_ge_bytearray VALUES ('5', '1', 'new-process1.bpmn20.xml', '4', 0x3C3F786D6C2076657273696F6E3D22312E302220656E636F64696E673D225554462D38223F3E0A3C646566696E6974696F6E7320786D6C6E733D22687474703A2F2F7777772E6F6D672E6F72672F737065632F42504D4E2F32303130303532342F4D4F44454C2220786D6C6E733A7873693D22687474703A2F2F7777772E77332E6F72672F323030312F584D4C536368656D612D696E7374616E63652220786D6C6E733A7873643D22687474703A2F2F7777772E77332E6F72672F323030312F584D4C536368656D612220786D6C6E733A61637469766974693D22687474703A2F2F61637469766974692E6F72672F62706D6E2220786D6C6E733A62706D6E64693D22687474703A2F2F7777772E6F6D672E6F72672F737065632F42504D4E2F32303130303532342F44492220786D6C6E733A6F6D6764633D22687474703A2F2F7777772E6F6D672E6F72672F737065632F44442F32303130303532342F44432220786D6C6E733A6F6D6764693D22687474703A2F2F7777772E6F6D672E6F72672F737065632F44442F32303130303532342F44492220747970654C616E67756167653D22687474703A2F2F7777772E77332E6F72672F323030312F584D4C536368656D61222065787072657373696F6E4C616E67756167653D22687474703A2F2F7777772E77332E6F72672F313939392F585061746822207461726765744E616D6573706163653D22687474703A2F2F7777772E61637469766974692E6F72672F70726F63657373646566223E0A20203C70726F636573732069643D2270726F636573732220697345786563757461626C653D2274727565223E0A202020203C73746172744576656E742069643D227369642D45394535444338452D343743322D343431372D424243392D353936414142413230444535223E3C2F73746172744576656E743E0A202020203C757365725461736B2069643D227369642D30353443353134302D373444302D343643362D423339322D383135394241434430364532223E3C2F757365725461736B3E0A202020203C73657175656E6365466C6F772069643D227369642D45363342383645382D384141322D343838322D383138392D3833333233434344443046362220736F757263655265663D227369642D45394535444338452D343743322D343431372D424243392D35393641414241323044453522207461726765745265663D227369642D30353443353134302D373444302D343643362D423339322D383135394241434430364532223E3C2F73657175656E6365466C6F773E0A20203C2F70726F636573733E0A20203C62706D6E64693A42504D4E4469616772616D2069643D2242504D4E4469616772616D5F70726F63657373223E0A202020203C62706D6E64693A42504D4E506C616E652062706D6E456C656D656E743D2270726F63657373222069643D2242504D4E506C616E655F70726F63657373223E0A2020202020203C62706D6E64693A42504D4E53686170652062706D6E456C656D656E743D227369642D45394535444338452D343743322D343431372D424243392D353936414142413230444535222069643D2242504D4E53686170655F7369642D45394535444338452D343743322D343431372D424243392D353936414142413230444535223E0A20202020202020203C6F6D6764633A426F756E6473206865696768743D2233302E30222077696474683D2233302E302220783D223130382E302220793D223132352E30223E3C2F6F6D6764633A426F756E64733E0A2020202020203C2F62706D6E64693A42504D4E53686170653E0A2020202020203C62706D6E64693A42504D4E53686170652062706D6E456C656D656E743D227369642D30353443353134302D373444302D343643362D423339322D383135394241434430364532222069643D2242504D4E53686170655F7369642D30353443353134302D373444302D343643362D423339322D383135394241434430364532223E0A20202020202020203C6F6D6764633A426F756E6473206865696768743D2238302E30222077696474683D223130302E302220783D223232362E302220793D223130312E30223E3C2F6F6D6764633A426F756E64733E0A2020202020203C2F62706D6E64693A42504D4E53686170653E0A2020202020203C62706D6E64693A42504D4E456467652062706D6E456C656D656E743D227369642D45363342383645382D384141322D343838322D383138392D383333323343434444304636222069643D2242504D4E456467655F7369642D45363342383645382D384141322D343838322D383138392D383333323343434444304636223E0A20202020202020203C6F6D6764693A776179706F696E7420783D223133372E39393936373936323036373038332220793D223134302E3039383033373132313730333733223E3C2F6F6D6764693A776179706F696E743E0A20202020202020203C6F6D6764693A776179706F696E7420783D223232362E302220793D223134302E3637333230323631343337393038223E3C2F6F6D6764693A776179706F696E743E0A2020202020203C2F62706D6E64693A42504D4E456467653E0A202020203C2F62706D6E64693A42504D4E506C616E653E0A20203C2F62706D6E64693A42504D4E4469616772616D3E0A3C2F646566696E6974696F6E733E, '0');
INSERT INTO act_ge_bytearray VALUES ('6', '1', 'new-process1.process.png', '4', 0x89504E470D0A1A0A0000000D4948445200000150000000BF0806000000A88D843A000008714944415478DAEDDD0B6895F71DC7E1321C0883C160300685C9BA1B6C140685B2B151D9D818AC6C1494C49CA821BAC45BBC4EEAAA62503722E2A4AC501C8E4ED76E0571EAACF396D8182F0BB33A9329526DBD5063346EB35297186FEF7E7F7B025BDDF11A8FB93C0F7CB14DC23A5EE2C7FF794FCEF1B1C7000000000000000000000000000000000000000000000000000000000000000000000000000000000000000000000000000000000000000000000000000000000000000000000000000000000000000000000000000000000000000000000000000000000000000000000000000000000000000000000000000000000000000000000000A0479665438E1F3FBEA6B9B9F97A434343B67DFB762BF2EAEBEBB3A6A6A67FC4CA7D47423F92E2B96BD7AEACA3A323EBEEEEB647B4F3E7CF673B77EEBC18311DE1BB12FA8974F214CF3E13D1EE38911EF15D09FD447AD82E5E7D6711D0ABBE2BA19F48F7E084AB4F0534F35D09032CA097DE6FCF8EEF7B253B5CBFF0E6D23FA78F899E808280DE661F5C68CB0E6D9D9FB56C9AFD3F4B1F4B9F133E0105012DB0F70EFFE99678F6ECF4E18DC227A020A08576E4CD2505039A3E277C020A025A6087B6D7160C68FA9CF0092808A8800A28D0BB014DCFBA170A68FA9CF009280868811DDBF352C180A6CF099F80828016D83FDB5AB343DB16DCFAF03D3E963E277C020A027A9B9D786BF52D014D1F133D010501BDDD2E5FCE8EED7DF9D687EFF1B1F439E1135010D002AF423ABAE75705EF81A6CF7935928082807EE4D4D97E6C47F6F72D2F148C67CFD2D7A4AF751A155018F401BDD3A9D3695440810201BD9B53E7ED4EA34228A03068037ABFF1EC99100A280CEE7BA026A080800A2820A002CA409665D9D0D6D6D6EA55AB56EDACABABBB3875EAD4AB15151559696969565E5E7E63E2C489DD73E7CE3DBE64C99257635F76C504D4045438239C6BD7AE5DBD68D1A2ABD3A74FCF56AC5891353737676D6D6D5957575796A45FD35F9FBB7FFFFE2C029B4D9B36EDC68C19334E5655558D770505D40474508A50562E5EBCF8F2ECD9B36FC6F1DAB56BD9DD3A78F0603667CE9C6BD5D5D547468E1CF90557534005544007CBA973C8860D1B764C983021DBB871E33D85F3A3B66CD992555656763A8D0AA8800AE8A088676363E35F6B6A6AB2A3478F66BDE1E4C99359C4B873FCF8F1935D6101155006AC74F24CF14CF7347B53FADF8B53E807A3468D2A77950554401990F73CD3C3F6DE3A79FEBF93E89831632E4444BFE26A0BA88032901EBA0F5DB8706177BAE7F9306DDAB4A93397CBFDC51517500165C058B76EDD6BE9D9F62B57AE640FDBA44993CE7A282FA002CA80397DA69FF34C3FAA540C2D2D2DDD4EA1022AA00C08E91546E989A307F971A57B55595979B6B4B47498AB7FEF860F1F3E444005943E22BD3C73E5CA9559312D5FBEFC6004F4A7AEFEBD8BEB76E46E6E8108A8805204E9B5EDE9E599C5B477EFDE9311828DAEFE7D0534CBEF5849494969A113A9800A284590DE18A4BDBDBDA8013D7BF66C4704E03D57FF81027A7311D1BFC59E155001E51148EFAAD4F3C620C592FE7BF19BBFCBD57FF080FED7F6C543FB1F08A88052E4DF908F42FE37FDF5D89514D3D8A5D8C5D8BF62E763E989A633E9A41A4B0FF9DF8D1D4DF7006387622DB103291CB1E6D8DED8AE5863AC21B62DB639F6466C43EC8FB135B1D763BF8FFD2EF6DBD86F62BF8EBD1C7B29F662EC97B1A5B1BAD82F628B62B5B1F9B11762CFA77BB8B119B1A9B1C9B109B1AAD8B858456C74AC2C56121B117B2EF6A3D80F53E8E2D4F8FDF8E7EFC686C7BE1DFB66ECE9D853B1AFC7D73C19FB6A7AE1417CED97624FA427DE6E13D09EBD95FE3B022AA014C1D8B1636F14FB04DAD9D999E2D8555B5BFBB1AAAAAA8FC72978E8E8D1A33F91CBE53E595656F6A988C6A7639F292F2FFF6C7CECF1F8D8E7629F8F7D3105251F96275368F2C1793AFEFD1BB16FC59E897D27F6BD14AA14AC7CB89ECB87AC64D487CA6363E3DF2B633FC90770723E8833F2817C3EBEE667F1EBBCD882D8C2D8CFF3615D9A0FED8BF9F0A600AF88AD8CBD125B1D7B2D1FEC35F9806FC8073D857D6BAC3EF666AC29B627FF07C1BEFC1F0C2DF93F28D21F186FC7DE899DB85340E3FFEFF5340115508AA0A6A6A6BBD8F740CF9C39F3B67BA0BDFE103E8578B887F0024A11CD9F3FFF58B19F85DFBA75EB9F3D0BDF6B01DD9C4EDE9E4412501E81A54B97AE2CF6CF812E58B060939F037DE080A6DB024F15FA3A0115508A60DEBC794F4C9932E57A115F89D4555656F6AE5722DD7740D79494947CED4E5F27A0024A91CC9C39F39D62BD163E1EBEBF9A9E2D77D51F2E0115508A64DCB8712367CD9A75B508A7D00B71FA3CE0DD980454401950AAABAB5B1FF6FB81A6FBADE9F479B76F8881800A28FDE5DEDAB0F417C03DAC77A46F6D6D4D3F03D9EE1DE90554401990CACBCB737112FD776FFF9D48A74F9FDE1D0FDD4F79E82EA002CA8096CBE52AD35F00D75B27D174F24CF12C292999E3EA0AA88032E0A5B7498BD3E8C5F5EBD75F7A8027962E2C5BB62CBDA4B13DBD36DC551550016550DD138D9363433CA43F7BE0C081CE7BF939CF6DDBB6FD21029C5ED3BDCB3D4F0135011DCC211D91425A5151D15157577778F7EEDDA7DADADADA7BDE8024BD31487A6D7B7D7DFD1BB5B5B59B73B9DCF1FCBB225578B65D404D40F9F0DEE8E3719A9C9E7F09E189FC5BD065F95FD35BCE6DCCBF83D130574B404D4041404D4041404D40010115504040051410501350105013501050011550404005141050010504D4041404D4041410500105045440010135010501350105013501050454400101155040404D4041404D404140854B4001011550A0681A1A1A84ABEFAC2B027AD57725F4134D4D4DED1D1D1DE2D507D6D6D6F67A04F488EF4AE82776ECD8F1E3C6C6C6F7CF9D3BD729628FEEE499E2595F5F7F2A36C27725F423F19BF6D938F9EC4B0F1FD33D382BFAD2753F229E000000000000000000000050C07F00118D330953B7D1870000000049454E44AE426082, '1');

-- ----------------------------
-- Table structure for `act_ge_property`
-- ----------------------------
DROP TABLE IF EXISTS `act_ge_property`;
CREATE TABLE `act_ge_property` (
  `NAME_` varchar(64) COLLATE utf8_bin NOT NULL DEFAULT '',
  `VALUE_` varchar(300) COLLATE utf8_bin DEFAULT NULL,
  `REV_` int(11) DEFAULT NULL,
  PRIMARY KEY (`NAME_`)
) ENGINE=InnoDB DEFAULT CHARSET=utf8 COLLATE=utf8_bin;

-- ----------------------------
-- Records of act_ge_property
-- ----------------------------
INSERT INTO act_ge_property VALUES ('next.dbid', '2501', '2');
INSERT INTO act_ge_property VALUES ('schema.history', 'create(5.22.0.0)', '1');
INSERT INTO act_ge_property VALUES ('schema.version', '5.22.0.0', '1');

-- ----------------------------
-- Table structure for `act_hi_actinst`
-- ----------------------------
DROP TABLE IF EXISTS `act_hi_actinst`;
CREATE TABLE `act_hi_actinst` (
  `ID_` varchar(64) COLLATE utf8_bin NOT NULL,
  `PROC_DEF_ID_` varchar(64) COLLATE utf8_bin NOT NULL,
  `PROC_INST_ID_` varchar(64) COLLATE utf8_bin NOT NULL,
  `EXECUTION_ID_` varchar(64) COLLATE utf8_bin NOT NULL,
  `ACT_ID_` varchar(255) COLLATE utf8_bin NOT NULL,
  `TASK_ID_` varchar(64) COLLATE utf8_bin DEFAULT NULL,
  `CALL_PROC_INST_ID_` varchar(64) COLLATE utf8_bin DEFAULT NULL,
  `ACT_NAME_` varchar(255) COLLATE utf8_bin DEFAULT NULL,
  `ACT_TYPE_` varchar(255) COLLATE utf8_bin NOT NULL,
  `ASSIGNEE_` varchar(255) COLLATE utf8_bin DEFAULT NULL,
  `START_TIME_` datetime NOT NULL,
  `END_TIME_` datetime DEFAULT NULL,
  `DURATION_` bigint(20) DEFAULT NULL,
  `TENANT_ID_` varchar(255) COLLATE utf8_bin DEFAULT '',
  PRIMARY KEY (`ID_`),
  KEY `ACT_IDX_HI_ACT_INST_START` (`START_TIME_`),
  KEY `ACT_IDX_HI_ACT_INST_END` (`END_TIME_`),
  KEY `ACT_IDX_HI_ACT_INST_PROCINST` (`PROC_INST_ID_`,`ACT_ID_`),
  KEY `ACT_IDX_HI_ACT_INST_EXEC` (`EXECUTION_ID_`,`ACT_ID_`)
) ENGINE=InnoDB DEFAULT CHARSET=utf8 COLLATE=utf8_bin;

-- ----------------------------
-- Records of act_hi_actinst
-- ----------------------------

-- ----------------------------
-- Table structure for `act_hi_attachment`
-- ----------------------------
DROP TABLE IF EXISTS `act_hi_attachment`;
CREATE TABLE `act_hi_attachment` (
  `ID_` varchar(64) COLLATE utf8_bin NOT NULL,
  `REV_` int(11) DEFAULT NULL,
  `USER_ID_` varchar(255) COLLATE utf8_bin DEFAULT NULL,
  `NAME_` varchar(255) COLLATE utf8_bin DEFAULT NULL,
  `DESCRIPTION_` varchar(4000) COLLATE utf8_bin DEFAULT NULL,
  `TYPE_` varchar(255) COLLATE utf8_bin DEFAULT NULL,
  `TASK_ID_` varchar(64) COLLATE utf8_bin DEFAULT NULL,
  `PROC_INST_ID_` varchar(64) COLLATE utf8_bin DEFAULT NULL,
  `URL_` varchar(4000) COLLATE utf8_bin DEFAULT NULL,
  `CONTENT_ID_` varchar(64) COLLATE utf8_bin DEFAULT NULL,
  `TIME_` datetime DEFAULT NULL,
  PRIMARY KEY (`ID_`)
) ENGINE=InnoDB DEFAULT CHARSET=utf8 COLLATE=utf8_bin;

-- ----------------------------
-- Records of act_hi_attachment
-- ----------------------------

-- ----------------------------
-- Table structure for `act_hi_comment`
-- ----------------------------
DROP TABLE IF EXISTS `act_hi_comment`;
CREATE TABLE `act_hi_comment` (
  `ID_` varchar(64) COLLATE utf8_bin NOT NULL,
  `TYPE_` varchar(255) COLLATE utf8_bin DEFAULT NULL,
  `TIME_` datetime NOT NULL,
  `USER_ID_` varchar(255) COLLATE utf8_bin DEFAULT NULL,
  `TASK_ID_` varchar(64) COLLATE utf8_bin DEFAULT NULL,
  `PROC_INST_ID_` varchar(64) COLLATE utf8_bin DEFAULT NULL,
  `ACTION_` varchar(255) COLLATE utf8_bin DEFAULT NULL,
  `MESSAGE_` varchar(4000) COLLATE utf8_bin DEFAULT NULL,
  `FULL_MSG_` longblob,
  PRIMARY KEY (`ID_`)
) ENGINE=InnoDB DEFAULT CHARSET=utf8 COLLATE=utf8_bin;

-- ----------------------------
-- Records of act_hi_comment
-- ----------------------------

-- ----------------------------
-- Table structure for `act_hi_detail`
-- ----------------------------
DROP TABLE IF EXISTS `act_hi_detail`;
CREATE TABLE `act_hi_detail` (
  `ID_` varchar(64) COLLATE utf8_bin NOT NULL,
  `TYPE_` varchar(255) COLLATE utf8_bin NOT NULL,
  `PROC_INST_ID_` varchar(64) COLLATE utf8_bin DEFAULT NULL,
  `EXECUTION_ID_` varchar(64) COLLATE utf8_bin DEFAULT NULL,
  `TASK_ID_` varchar(64) COLLATE utf8_bin DEFAULT NULL,
  `ACT_INST_ID_` varchar(64) COLLATE utf8_bin DEFAULT NULL,
  `NAME_` varchar(255) COLLATE utf8_bin NOT NULL,
  `VAR_TYPE_` varchar(255) COLLATE utf8_bin DEFAULT NULL,
  `REV_` int(11) DEFAULT NULL,
  `TIME_` datetime NOT NULL,
  `BYTEARRAY_ID_` varchar(64) COLLATE utf8_bin DEFAULT NULL,
  `DOUBLE_` double DEFAULT NULL,
  `LONG_` bigint(20) DEFAULT NULL,
  `TEXT_` varchar(4000) COLLATE utf8_bin DEFAULT NULL,
  `TEXT2_` varchar(4000) COLLATE utf8_bin DEFAULT NULL,
  PRIMARY KEY (`ID_`),
  KEY `ACT_IDX_HI_DETAIL_PROC_INST` (`PROC_INST_ID_`),
  KEY `ACT_IDX_HI_DETAIL_ACT_INST` (`ACT_INST_ID_`),
  KEY `ACT_IDX_HI_DETAIL_TIME` (`TIME_`),
  KEY `ACT_IDX_HI_DETAIL_NAME` (`NAME_`),
  KEY `ACT_IDX_HI_DETAIL_TASK_ID` (`TASK_ID_`)
) ENGINE=InnoDB DEFAULT CHARSET=utf8 COLLATE=utf8_bin;

-- ----------------------------
-- Records of act_hi_detail
-- ----------------------------

-- ----------------------------
-- Table structure for `act_hi_identitylink`
-- ----------------------------
DROP TABLE IF EXISTS `act_hi_identitylink`;
CREATE TABLE `act_hi_identitylink` (
  `ID_` varchar(64) COLLATE utf8_bin NOT NULL DEFAULT '',
  `GROUP_ID_` varchar(255) COLLATE utf8_bin DEFAULT NULL,
  `TYPE_` varchar(255) COLLATE utf8_bin DEFAULT NULL,
  `USER_ID_` varchar(255) COLLATE utf8_bin DEFAULT NULL,
  `TASK_ID_` varchar(64) COLLATE utf8_bin DEFAULT NULL,
  `PROC_INST_ID_` varchar(64) COLLATE utf8_bin DEFAULT NULL,
  PRIMARY KEY (`ID_`),
  KEY `ACT_IDX_HI_IDENT_LNK_USER` (`USER_ID_`),
  KEY `ACT_IDX_HI_IDENT_LNK_TASK` (`TASK_ID_`),
  KEY `ACT_IDX_HI_IDENT_LNK_PROCINST` (`PROC_INST_ID_`)
) ENGINE=InnoDB DEFAULT CHARSET=utf8 COLLATE=utf8_bin;

-- ----------------------------
-- Records of act_hi_identitylink
-- ----------------------------

-- ----------------------------
-- Table structure for `act_hi_procinst`
-- ----------------------------
DROP TABLE IF EXISTS `act_hi_procinst`;
CREATE TABLE `act_hi_procinst` (
  `ID_` varchar(64) COLLATE utf8_bin NOT NULL,
  `PROC_INST_ID_` varchar(64) COLLATE utf8_bin NOT NULL,
  `BUSINESS_KEY_` varchar(255) COLLATE utf8_bin DEFAULT NULL,
  `PROC_DEF_ID_` varchar(64) COLLATE utf8_bin NOT NULL,
  `START_TIME_` datetime NOT NULL,
  `END_TIME_` datetime DEFAULT NULL,
  `DURATION_` bigint(20) DEFAULT NULL,
  `START_USER_ID_` varchar(255) COLLATE utf8_bin DEFAULT NULL,
  `START_ACT_ID_` varchar(255) COLLATE utf8_bin DEFAULT NULL,
  `END_ACT_ID_` varchar(255) COLLATE utf8_bin DEFAULT NULL,
  `SUPER_PROCESS_INSTANCE_ID_` varchar(64) COLLATE utf8_bin DEFAULT NULL,
  `DELETE_REASON_` varchar(4000) COLLATE utf8_bin DEFAULT NULL,
  `TENANT_ID_` varchar(255) COLLATE utf8_bin DEFAULT '',
  `NAME_` varchar(255) COLLATE utf8_bin DEFAULT NULL,
  PRIMARY KEY (`ID_`),
  UNIQUE KEY `PROC_INST_ID_` (`PROC_INST_ID_`),
  KEY `ACT_IDX_HI_PRO_INST_END` (`END_TIME_`),
  KEY `ACT_IDX_HI_PRO_I_BUSKEY` (`BUSINESS_KEY_`)
) ENGINE=InnoDB DEFAULT CHARSET=utf8 COLLATE=utf8_bin;

-- ----------------------------
-- Records of act_hi_procinst
-- ----------------------------

-- ----------------------------
-- Table structure for `act_hi_taskinst`
-- ----------------------------
DROP TABLE IF EXISTS `act_hi_taskinst`;
CREATE TABLE `act_hi_taskinst` (
  `ID_` varchar(64) COLLATE utf8_bin NOT NULL,
  `PROC_DEF_ID_` varchar(64) COLLATE utf8_bin DEFAULT NULL,
  `TASK_DEF_KEY_` varchar(255) COLLATE utf8_bin DEFAULT NULL,
  `PROC_INST_ID_` varchar(64) COLLATE utf8_bin DEFAULT NULL,
  `EXECUTION_ID_` varchar(64) COLLATE utf8_bin DEFAULT NULL,
  `NAME_` varchar(255) COLLATE utf8_bin DEFAULT NULL,
  `PARENT_TASK_ID_` varchar(64) COLLATE utf8_bin DEFAULT NULL,
  `DESCRIPTION_` varchar(4000) COLLATE utf8_bin DEFAULT NULL,
  `OWNER_` varchar(255) COLLATE utf8_bin DEFAULT NULL,
  `ASSIGNEE_` varchar(255) COLLATE utf8_bin DEFAULT NULL,
  `START_TIME_` datetime NOT NULL,
  `CLAIM_TIME_` datetime DEFAULT NULL,
  `END_TIME_` datetime DEFAULT NULL,
  `DURATION_` bigint(20) DEFAULT NULL,
  `DELETE_REASON_` varchar(4000) COLLATE utf8_bin DEFAULT NULL,
  `PRIORITY_` int(11) DEFAULT NULL,
  `DUE_DATE_` datetime DEFAULT NULL,
  `FORM_KEY_` varchar(255) COLLATE utf8_bin DEFAULT NULL,
  `CATEGORY_` varchar(255) COLLATE utf8_bin DEFAULT NULL,
  `TENANT_ID_` varchar(255) COLLATE utf8_bin DEFAULT '',
  PRIMARY KEY (`ID_`),
  KEY `ACT_IDX_HI_TASK_INST_PROCINST` (`PROC_INST_ID_`)
) ENGINE=InnoDB DEFAULT CHARSET=utf8 COLLATE=utf8_bin;

-- ----------------------------
-- Records of act_hi_taskinst
-- ----------------------------

-- ----------------------------
-- Table structure for `act_hi_varinst`
-- ----------------------------
DROP TABLE IF EXISTS `act_hi_varinst`;
CREATE TABLE `act_hi_varinst` (
  `ID_` varchar(64) COLLATE utf8_bin NOT NULL,
  `PROC_INST_ID_` varchar(64) COLLATE utf8_bin DEFAULT NULL,
  `EXECUTION_ID_` varchar(64) COLLATE utf8_bin DEFAULT NULL,
  `TASK_ID_` varchar(64) COLLATE utf8_bin DEFAULT NULL,
  `NAME_` varchar(255) COLLATE utf8_bin NOT NULL,
  `VAR_TYPE_` varchar(100) COLLATE utf8_bin DEFAULT NULL,
  `REV_` int(11) DEFAULT NULL,
  `BYTEARRAY_ID_` varchar(64) COLLATE utf8_bin DEFAULT NULL,
  `DOUBLE_` double DEFAULT NULL,
  `LONG_` bigint(20) DEFAULT NULL,
  `TEXT_` varchar(4000) COLLATE utf8_bin DEFAULT NULL,
  `TEXT2_` varchar(4000) COLLATE utf8_bin DEFAULT NULL,
  `CREATE_TIME_` datetime DEFAULT NULL,
  `LAST_UPDATED_TIME_` datetime DEFAULT NULL,
  PRIMARY KEY (`ID_`),
  KEY `ACT_IDX_HI_PROCVAR_PROC_INST` (`PROC_INST_ID_`),
  KEY `ACT_IDX_HI_PROCVAR_NAME_TYPE` (`NAME_`,`VAR_TYPE_`),
  KEY `ACT_IDX_HI_PROCVAR_TASK_ID` (`TASK_ID_`)
) ENGINE=InnoDB DEFAULT CHARSET=utf8 COLLATE=utf8_bin;

-- ----------------------------
-- Records of act_hi_varinst
-- ----------------------------

-- ----------------------------
-- Table structure for `act_id_group`
-- ----------------------------
DROP TABLE IF EXISTS `act_id_group`;
CREATE TABLE `act_id_group` (
  `ID_` varchar(64) COLLATE utf8_bin NOT NULL DEFAULT '',
  `REV_` int(11) DEFAULT NULL,
  `NAME_` varchar(255) COLLATE utf8_bin DEFAULT NULL,
  `TYPE_` varchar(255) COLLATE utf8_bin DEFAULT NULL,
  PRIMARY KEY (`ID_`)
) ENGINE=InnoDB DEFAULT CHARSET=utf8 COLLATE=utf8_bin;

-- ----------------------------
-- Records of act_id_group
-- ----------------------------

-- ----------------------------
-- Table structure for `act_id_info`
-- ----------------------------
DROP TABLE IF EXISTS `act_id_info`;
CREATE TABLE `act_id_info` (
  `ID_` varchar(64) COLLATE utf8_bin NOT NULL DEFAULT '',
  `REV_` int(11) DEFAULT NULL,
  `USER_ID_` varchar(64) COLLATE utf8_bin DEFAULT NULL,
  `TYPE_` varchar(64) COLLATE utf8_bin DEFAULT NULL,
  `KEY_` varchar(255) COLLATE utf8_bin DEFAULT NULL,
  `VALUE_` varchar(255) COLLATE utf8_bin DEFAULT NULL,
  `PASSWORD_` longblob,
  `PARENT_ID_` varchar(255) COLLATE utf8_bin DEFAULT NULL,
  PRIMARY KEY (`ID_`)
) ENGINE=InnoDB DEFAULT CHARSET=utf8 COLLATE=utf8_bin;

-- ----------------------------
-- Records of act_id_info
-- ----------------------------

-- ----------------------------
-- Table structure for `act_id_membership`
-- ----------------------------
DROP TABLE IF EXISTS `act_id_membership`;
CREATE TABLE `act_id_membership` (
  `USER_ID_` varchar(64) COLLATE utf8_bin NOT NULL DEFAULT '',
  `GROUP_ID_` varchar(64) COLLATE utf8_bin NOT NULL DEFAULT '',
  PRIMARY KEY (`USER_ID_`,`GROUP_ID_`),
  KEY `ACT_FK_MEMB_GROUP` (`GROUP_ID_`),
  CONSTRAINT `ACT_FK_MEMB_USER` FOREIGN KEY (`USER_ID_`) REFERENCES `act_id_user` (`ID_`),
  CONSTRAINT `ACT_FK_MEMB_GROUP` FOREIGN KEY (`GROUP_ID_`) REFERENCES `act_id_group` (`ID_`)
) ENGINE=InnoDB DEFAULT CHARSET=utf8 COLLATE=utf8_bin;

-- ----------------------------
-- Records of act_id_membership
-- ----------------------------

-- ----------------------------
-- Table structure for `act_id_user`
-- ----------------------------
DROP TABLE IF EXISTS `act_id_user`;
CREATE TABLE `act_id_user` (
  `ID_` varchar(64) COLLATE utf8_bin NOT NULL DEFAULT '',
  `REV_` int(11) DEFAULT NULL,
  `FIRST_` varchar(255) COLLATE utf8_bin DEFAULT NULL,
  `LAST_` varchar(255) COLLATE utf8_bin DEFAULT NULL,
  `EMAIL_` varchar(255) COLLATE utf8_bin DEFAULT NULL,
  `PWD_` varchar(255) COLLATE utf8_bin DEFAULT NULL,
  `PICTURE_ID_` varchar(64) COLLATE utf8_bin DEFAULT NULL,
  PRIMARY KEY (`ID_`)
) ENGINE=InnoDB DEFAULT CHARSET=utf8 COLLATE=utf8_bin;

-- ----------------------------
-- Records of act_id_user
-- ----------------------------

-- ----------------------------
-- Table structure for `act_procdef_info`
-- ----------------------------
DROP TABLE IF EXISTS `act_procdef_info`;
CREATE TABLE `act_procdef_info` (
  `ID_` varchar(64) COLLATE utf8_bin NOT NULL,
  `PROC_DEF_ID_` varchar(64) COLLATE utf8_bin NOT NULL,
  `REV_` int(11) DEFAULT NULL,
  `INFO_JSON_ID_` varchar(64) COLLATE utf8_bin DEFAULT NULL,
  PRIMARY KEY (`ID_`),
  UNIQUE KEY `ACT_UNIQ_INFO_PROCDEF` (`PROC_DEF_ID_`),
  KEY `ACT_IDX_INFO_PROCDEF` (`PROC_DEF_ID_`),
  KEY `ACT_FK_INFO_JSON_BA` (`INFO_JSON_ID_`),
  CONSTRAINT `ACT_FK_INFO_PROCDEF` FOREIGN KEY (`PROC_DEF_ID_`) REFERENCES `act_re_procdef` (`ID_`),
  CONSTRAINT `ACT_FK_INFO_JSON_BA` FOREIGN KEY (`INFO_JSON_ID_`) REFERENCES `act_ge_bytearray` (`ID_`)
) ENGINE=InnoDB DEFAULT CHARSET=utf8 COLLATE=utf8_bin;

-- ----------------------------
-- Records of act_procdef_info
-- ----------------------------

-- ----------------------------
-- Table structure for `act_re_deployment`
-- ----------------------------
DROP TABLE IF EXISTS `act_re_deployment`;
CREATE TABLE `act_re_deployment` (
  `ID_` varchar(64) COLLATE utf8_bin NOT NULL DEFAULT '',
  `NAME_` varchar(255) COLLATE utf8_bin DEFAULT NULL,
  `CATEGORY_` varchar(255) COLLATE utf8_bin DEFAULT NULL,
  `TENANT_ID_` varchar(255) COLLATE utf8_bin DEFAULT '',
  `DEPLOY_TIME_` timestamp NULL DEFAULT NULL,
  PRIMARY KEY (`ID_`)
) ENGINE=InnoDB DEFAULT CHARSET=utf8 COLLATE=utf8_bin;

-- ----------------------------
-- Records of act_re_deployment
-- ----------------------------
INSERT INTO act_re_deployment VALUES ('4', 'new-process1', null, '', '2018-03-05 08:39:36');

-- ----------------------------
-- Table structure for `act_re_model`
-- ----------------------------
DROP TABLE IF EXISTS `act_re_model`;
CREATE TABLE `act_re_model` (
  `ID_` varchar(64) COLLATE utf8_bin NOT NULL,
  `REV_` int(11) DEFAULT NULL,
  `NAME_` varchar(255) COLLATE utf8_bin DEFAULT NULL,
  `KEY_` varchar(255) COLLATE utf8_bin DEFAULT NULL,
  `CATEGORY_` varchar(255) COLLATE utf8_bin DEFAULT NULL,
  `CREATE_TIME_` timestamp NULL DEFAULT NULL,
  `LAST_UPDATE_TIME_` timestamp NULL DEFAULT NULL,
  `VERSION_` int(11) DEFAULT NULL,
  `META_INFO_` varchar(4000) COLLATE utf8_bin DEFAULT NULL,
  `DEPLOYMENT_ID_` varchar(64) COLLATE utf8_bin DEFAULT NULL,
  `EDITOR_SOURCE_VALUE_ID_` varchar(64) COLLATE utf8_bin DEFAULT NULL,
  `EDITOR_SOURCE_EXTRA_VALUE_ID_` varchar(64) COLLATE utf8_bin DEFAULT NULL,
  `TENANT_ID_` varchar(255) COLLATE utf8_bin DEFAULT '',
  PRIMARY KEY (`ID_`),
  KEY `ACT_FK_MODEL_SOURCE` (`EDITOR_SOURCE_VALUE_ID_`),
  KEY `ACT_FK_MODEL_SOURCE_EXTRA` (`EDITOR_SOURCE_EXTRA_VALUE_ID_`),
  KEY `ACT_FK_MODEL_DEPLOYMENT` (`DEPLOYMENT_ID_`),
  CONSTRAINT `ACT_FK_MODEL_DEPLOYMENT` FOREIGN KEY (`DEPLOYMENT_ID_`) REFERENCES `act_re_deployment` (`ID_`),
  CONSTRAINT `ACT_FK_MODEL_SOURCE` FOREIGN KEY (`EDITOR_SOURCE_VALUE_ID_`) REFERENCES `act_ge_bytearray` (`ID_`),
  CONSTRAINT `ACT_FK_MODEL_SOURCE_EXTRA` FOREIGN KEY (`EDITOR_SOURCE_EXTRA_VALUE_ID_`) REFERENCES `act_ge_bytearray` (`ID_`)
) ENGINE=InnoDB DEFAULT CHARSET=utf8 COLLATE=utf8_bin;

-- ----------------------------
-- Records of act_re_model
-- ----------------------------
INSERT INTO act_re_model VALUES ('1', '5', 'new-process1', 'process', null, '2018-03-05 08:39:05', '2018-03-05 08:39:36', '1', '{\"name\":\"new-process1\",\"description\":\"1\",\"revision\":1}', '4', '2', '3', '');

-- ----------------------------
-- Table structure for `act_re_procdef`
-- ----------------------------
DROP TABLE IF EXISTS `act_re_procdef`;
CREATE TABLE `act_re_procdef` (
  `ID_` varchar(64) COLLATE utf8_bin NOT NULL,
  `REV_` int(11) DEFAULT NULL,
  `CATEGORY_` varchar(255) COLLATE utf8_bin DEFAULT NULL,
  `NAME_` varchar(255) COLLATE utf8_bin DEFAULT NULL,
  `KEY_` varchar(255) COLLATE utf8_bin NOT NULL,
  `VERSION_` int(11) NOT NULL,
  `DEPLOYMENT_ID_` varchar(64) COLLATE utf8_bin DEFAULT NULL,
  `RESOURCE_NAME_` varchar(4000) COLLATE utf8_bin DEFAULT NULL,
  `DGRM_RESOURCE_NAME_` varchar(4000) COLLATE utf8_bin DEFAULT NULL,
  `DESCRIPTION_` varchar(4000) COLLATE utf8_bin DEFAULT NULL,
  `HAS_START_FORM_KEY_` tinyint(4) DEFAULT NULL,
  `HAS_GRAPHICAL_NOTATION_` tinyint(4) DEFAULT NULL,
  `SUSPENSION_STATE_` int(11) DEFAULT NULL,
  `TENANT_ID_` varchar(255) COLLATE utf8_bin DEFAULT '',
  PRIMARY KEY (`ID_`),
  UNIQUE KEY `ACT_UNIQ_PROCDEF` (`KEY_`,`VERSION_`,`TENANT_ID_`)
) ENGINE=InnoDB DEFAULT CHARSET=utf8 COLLATE=utf8_bin;

-- ----------------------------
-- Records of act_re_procdef
-- ----------------------------
INSERT INTO act_re_procdef VALUES ('process:1:7', '1', 'http://www.activiti.org/processdef', null, 'process', '1', '4', 'new-process1.bpmn20.xml', 'new-process1.process.png', null, '0', '1', '1', '');

-- ----------------------------
-- Table structure for `act_ru_event_subscr`
-- ----------------------------
DROP TABLE IF EXISTS `act_ru_event_subscr`;
CREATE TABLE `act_ru_event_subscr` (
  `ID_` varchar(64) COLLATE utf8_bin NOT NULL,
  `REV_` int(11) DEFAULT NULL,
  `EVENT_TYPE_` varchar(255) COLLATE utf8_bin NOT NULL,
  `EVENT_NAME_` varchar(255) COLLATE utf8_bin DEFAULT NULL,
  `EXECUTION_ID_` varchar(64) COLLATE utf8_bin DEFAULT NULL,
  `PROC_INST_ID_` varchar(64) COLLATE utf8_bin DEFAULT NULL,
  `ACTIVITY_ID_` varchar(64) COLLATE utf8_bin DEFAULT NULL,
  `CONFIGURATION_` varchar(255) COLLATE utf8_bin DEFAULT NULL,
  `CREATED_` timestamp NOT NULL DEFAULT CURRENT_TIMESTAMP,
  `PROC_DEF_ID_` varchar(64) COLLATE utf8_bin DEFAULT NULL,
  `TENANT_ID_` varchar(255) COLLATE utf8_bin DEFAULT '',
  PRIMARY KEY (`ID_`),
  KEY `ACT_IDX_EVENT_SUBSCR_CONFIG_` (`CONFIGURATION_`),
  KEY `ACT_FK_EVENT_EXEC` (`EXECUTION_ID_`),
  CONSTRAINT `ACT_FK_EVENT_EXEC` FOREIGN KEY (`EXECUTION_ID_`) REFERENCES `act_ru_execution` (`ID_`)
) ENGINE=InnoDB DEFAULT CHARSET=utf8 COLLATE=utf8_bin;

-- ----------------------------
-- Records of act_ru_event_subscr
-- ----------------------------

-- ----------------------------
-- Table structure for `act_ru_execution`
-- ----------------------------
DROP TABLE IF EXISTS `act_ru_execution`;
CREATE TABLE `act_ru_execution` (
  `ID_` varchar(64) COLLATE utf8_bin NOT NULL DEFAULT '',
  `REV_` int(11) DEFAULT NULL,
  `PROC_INST_ID_` varchar(64) COLLATE utf8_bin DEFAULT NULL,
  `BUSINESS_KEY_` varchar(255) COLLATE utf8_bin DEFAULT NULL,
  `PARENT_ID_` varchar(64) COLLATE utf8_bin DEFAULT NULL,
  `PROC_DEF_ID_` varchar(64) COLLATE utf8_bin DEFAULT NULL,
  `SUPER_EXEC_` varchar(64) COLLATE utf8_bin DEFAULT NULL,
  `ACT_ID_` varchar(255) COLLATE utf8_bin DEFAULT NULL,
  `IS_ACTIVE_` tinyint(4) DEFAULT NULL,
  `IS_CONCURRENT_` tinyint(4) DEFAULT NULL,
  `IS_SCOPE_` tinyint(4) DEFAULT NULL,
  `IS_EVENT_SCOPE_` tinyint(4) DEFAULT NULL,
  `SUSPENSION_STATE_` int(11) DEFAULT NULL,
  `CACHED_ENT_STATE_` int(11) DEFAULT NULL,
  `TENANT_ID_` varchar(255) COLLATE utf8_bin DEFAULT '',
  `NAME_` varchar(255) COLLATE utf8_bin DEFAULT NULL,
  `LOCK_TIME_` timestamp NULL DEFAULT NULL,
  PRIMARY KEY (`ID_`),
  KEY `ACT_IDX_EXEC_BUSKEY` (`BUSINESS_KEY_`),
  KEY `ACT_FK_EXE_PROCINST` (`PROC_INST_ID_`),
  KEY `ACT_FK_EXE_PARENT` (`PARENT_ID_`),
  KEY `ACT_FK_EXE_SUPER` (`SUPER_EXEC_`),
  KEY `ACT_FK_EXE_PROCDEF` (`PROC_DEF_ID_`),
  CONSTRAINT `ACT_FK_EXE_PROCDEF` FOREIGN KEY (`PROC_DEF_ID_`) REFERENCES `act_re_procdef` (`ID_`),
  CONSTRAINT `ACT_FK_EXE_PARENT` FOREIGN KEY (`PARENT_ID_`) REFERENCES `act_ru_execution` (`ID_`),
  CONSTRAINT `ACT_FK_EXE_PROCINST` FOREIGN KEY (`PROC_INST_ID_`) REFERENCES `act_ru_execution` (`ID_`) ON DELETE CASCADE ON UPDATE CASCADE,
  CONSTRAINT `ACT_FK_EXE_SUPER` FOREIGN KEY (`SUPER_EXEC_`) REFERENCES `act_ru_execution` (`ID_`)
) ENGINE=InnoDB DEFAULT CHARSET=utf8 COLLATE=utf8_bin;

-- ----------------------------
-- Records of act_ru_execution
-- ----------------------------

-- ----------------------------
-- Table structure for `act_ru_identitylink`
-- ----------------------------
DROP TABLE IF EXISTS `act_ru_identitylink`;
CREATE TABLE `act_ru_identitylink` (
  `ID_` varchar(64) COLLATE utf8_bin NOT NULL DEFAULT '',
  `REV_` int(11) DEFAULT NULL,
  `GROUP_ID_` varchar(255) COLLATE utf8_bin DEFAULT NULL,
  `TYPE_` varchar(255) COLLATE utf8_bin DEFAULT NULL,
  `USER_ID_` varchar(255) COLLATE utf8_bin DEFAULT NULL,
  `TASK_ID_` varchar(64) COLLATE utf8_bin DEFAULT NULL,
  `PROC_INST_ID_` varchar(64) COLLATE utf8_bin DEFAULT NULL,
  `PROC_DEF_ID_` varchar(64) COLLATE utf8_bin DEFAULT NULL,
  PRIMARY KEY (`ID_`),
  KEY `ACT_IDX_IDENT_LNK_USER` (`USER_ID_`),
  KEY `ACT_IDX_IDENT_LNK_GROUP` (`GROUP_ID_`),
  KEY `ACT_IDX_ATHRZ_PROCEDEF` (`PROC_DEF_ID_`),
  KEY `ACT_FK_TSKASS_TASK` (`TASK_ID_`),
  KEY `ACT_FK_IDL_PROCINST` (`PROC_INST_ID_`),
  CONSTRAINT `ACT_FK_IDL_PROCINST` FOREIGN KEY (`PROC_INST_ID_`) REFERENCES `act_ru_execution` (`ID_`),
  CONSTRAINT `ACT_FK_ATHRZ_PROCEDEF` FOREIGN KEY (`PROC_DEF_ID_`) REFERENCES `act_re_procdef` (`ID_`),
  CONSTRAINT `ACT_FK_TSKASS_TASK` FOREIGN KEY (`TASK_ID_`) REFERENCES `act_ru_task` (`ID_`)
) ENGINE=InnoDB DEFAULT CHARSET=utf8 COLLATE=utf8_bin;

-- ----------------------------
-- Records of act_ru_identitylink
-- ----------------------------

-- ----------------------------
-- Table structure for `act_ru_job`
-- ----------------------------
DROP TABLE IF EXISTS `act_ru_job`;
CREATE TABLE `act_ru_job` (
  `ID_` varchar(64) COLLATE utf8_bin NOT NULL,
  `REV_` int(11) DEFAULT NULL,
  `TYPE_` varchar(255) COLLATE utf8_bin NOT NULL,
  `LOCK_EXP_TIME_` timestamp NULL DEFAULT NULL,
  `LOCK_OWNER_` varchar(255) COLLATE utf8_bin DEFAULT NULL,
  `EXCLUSIVE_` tinyint(1) DEFAULT NULL,
  `EXECUTION_ID_` varchar(64) COLLATE utf8_bin DEFAULT NULL,
  `PROCESS_INSTANCE_ID_` varchar(64) COLLATE utf8_bin DEFAULT NULL,
  `PROC_DEF_ID_` varchar(64) COLLATE utf8_bin DEFAULT NULL,
  `RETRIES_` int(11) DEFAULT NULL,
  `EXCEPTION_STACK_ID_` varchar(64) COLLATE utf8_bin DEFAULT NULL,
  `EXCEPTION_MSG_` varchar(4000) COLLATE utf8_bin DEFAULT NULL,
  `DUEDATE_` timestamp NULL DEFAULT NULL,
  `REPEAT_` varchar(255) COLLATE utf8_bin DEFAULT NULL,
  `HANDLER_TYPE_` varchar(255) COLLATE utf8_bin DEFAULT NULL,
  `HANDLER_CFG_` varchar(4000) COLLATE utf8_bin DEFAULT NULL,
  `TENANT_ID_` varchar(255) COLLATE utf8_bin DEFAULT '',
  PRIMARY KEY (`ID_`),
  KEY `ACT_FK_JOB_EXCEPTION` (`EXCEPTION_STACK_ID_`),
  CONSTRAINT `ACT_FK_JOB_EXCEPTION` FOREIGN KEY (`EXCEPTION_STACK_ID_`) REFERENCES `act_ge_bytearray` (`ID_`)
) ENGINE=InnoDB DEFAULT CHARSET=utf8 COLLATE=utf8_bin;

-- ----------------------------
-- Records of act_ru_job
-- ----------------------------

-- ----------------------------
-- Table structure for `act_ru_task`
-- ----------------------------
DROP TABLE IF EXISTS `act_ru_task`;
CREATE TABLE `act_ru_task` (
  `ID_` varchar(64) COLLATE utf8_bin NOT NULL DEFAULT '',
  `REV_` int(11) DEFAULT NULL,
  `EXECUTION_ID_` varchar(64) COLLATE utf8_bin DEFAULT NULL,
  `PROC_INST_ID_` varchar(64) COLLATE utf8_bin DEFAULT NULL,
  `PROC_DEF_ID_` varchar(64) COLLATE utf8_bin DEFAULT NULL,
  `NAME_` varchar(255) COLLATE utf8_bin DEFAULT NULL,
  `PARENT_TASK_ID_` varchar(64) COLLATE utf8_bin DEFAULT NULL,
  `DESCRIPTION_` varchar(4000) COLLATE utf8_bin DEFAULT NULL,
  `TASK_DEF_KEY_` varchar(255) COLLATE utf8_bin DEFAULT NULL,
  `OWNER_` varchar(255) COLLATE utf8_bin DEFAULT NULL,
  `ASSIGNEE_` varchar(255) COLLATE utf8_bin DEFAULT NULL,
  `DELEGATION_` varchar(64) COLLATE utf8_bin DEFAULT NULL,
  `PRIORITY_` int(11) DEFAULT NULL,
  `CREATE_TIME_` timestamp NULL DEFAULT NULL,
  `DUE_DATE_` datetime DEFAULT NULL,
  `CATEGORY_` varchar(255) COLLATE utf8_bin DEFAULT NULL,
  `SUSPENSION_STATE_` int(11) DEFAULT NULL,
  `TENANT_ID_` varchar(255) COLLATE utf8_bin DEFAULT '',
  `FORM_KEY_` varchar(255) COLLATE utf8_bin DEFAULT NULL,
  PRIMARY KEY (`ID_`),
  KEY `ACT_IDX_TASK_CREATE` (`CREATE_TIME_`),
  KEY `ACT_FK_TASK_EXE` (`EXECUTION_ID_`),
  KEY `ACT_FK_TASK_PROCINST` (`PROC_INST_ID_`),
  KEY `ACT_FK_TASK_PROCDEF` (`PROC_DEF_ID_`),
  CONSTRAINT `ACT_FK_TASK_PROCDEF` FOREIGN KEY (`PROC_DEF_ID_`) REFERENCES `act_re_procdef` (`ID_`),
  CONSTRAINT `ACT_FK_TASK_EXE` FOREIGN KEY (`EXECUTION_ID_`) REFERENCES `act_ru_execution` (`ID_`),
  CONSTRAINT `ACT_FK_TASK_PROCINST` FOREIGN KEY (`PROC_INST_ID_`) REFERENCES `act_ru_execution` (`ID_`)
) ENGINE=InnoDB DEFAULT CHARSET=utf8 COLLATE=utf8_bin;

-- ----------------------------
-- Records of act_ru_task
-- ----------------------------

-- ----------------------------
-- Table structure for `act_ru_variable`
-- ----------------------------
DROP TABLE IF EXISTS `act_ru_variable`;
CREATE TABLE `act_ru_variable` (
  `ID_` varchar(64) COLLATE utf8_bin NOT NULL,
  `REV_` int(11) DEFAULT NULL,
  `TYPE_` varchar(255) COLLATE utf8_bin NOT NULL,
  `NAME_` varchar(255) COLLATE utf8_bin NOT NULL,
  `EXECUTION_ID_` varchar(64) COLLATE utf8_bin DEFAULT NULL,
  `PROC_INST_ID_` varchar(64) COLLATE utf8_bin DEFAULT NULL,
  `TASK_ID_` varchar(64) COLLATE utf8_bin DEFAULT NULL,
  `BYTEARRAY_ID_` varchar(64) COLLATE utf8_bin DEFAULT NULL,
  `DOUBLE_` double DEFAULT NULL,
  `LONG_` bigint(20) DEFAULT NULL,
  `TEXT_` varchar(4000) COLLATE utf8_bin DEFAULT NULL,
  `TEXT2_` varchar(4000) COLLATE utf8_bin DEFAULT NULL,
  PRIMARY KEY (`ID_`),
  KEY `ACT_IDX_VARIABLE_TASK_ID` (`TASK_ID_`),
  KEY `ACT_FK_VAR_EXE` (`EXECUTION_ID_`),
  KEY `ACT_FK_VAR_PROCINST` (`PROC_INST_ID_`),
  KEY `ACT_FK_VAR_BYTEARRAY` (`BYTEARRAY_ID_`),
  CONSTRAINT `ACT_FK_VAR_BYTEARRAY` FOREIGN KEY (`BYTEARRAY_ID_`) REFERENCES `act_ge_bytearray` (`ID_`),
  CONSTRAINT `ACT_FK_VAR_EXE` FOREIGN KEY (`EXECUTION_ID_`) REFERENCES `act_ru_execution` (`ID_`),
  CONSTRAINT `ACT_FK_VAR_PROCINST` FOREIGN KEY (`PROC_INST_ID_`) REFERENCES `act_ru_execution` (`ID_`)
) ENGINE=InnoDB DEFAULT CHARSET=utf8 COLLATE=utf8_bin;

-- ----------------------------
-- Records of act_ru_variable
-- ----------------------------

-- ----------------------------
-- Table structure for `blog_content`
-- ----------------------------
DROP TABLE IF EXISTS `blog_content`;
CREATE TABLE `blog_content` (
  `cid` bigint(20) NOT NULL AUTO_INCREMENT,
  `title` varchar(255) DEFAULT NULL COMMENT '标题',
  `slug` varchar(255) DEFAULT NULL,
  `created` bigint(20) DEFAULT NULL COMMENT '创建人id',
  `modified` bigint(20) DEFAULT NULL COMMENT '最近修改人id',
  `content` text COMMENT '内容',
  `type` varchar(16) DEFAULT NULL COMMENT '类型',
  `tags` varchar(200) DEFAULT NULL COMMENT '标签',
  `categories` varchar(200) DEFAULT NULL COMMENT '分类',
  `hits` int(5) DEFAULT NULL,
  `comments_num` int(5) DEFAULT '0' COMMENT '评论数量',
  `allow_comment` int(1) DEFAULT '0' COMMENT '开启评论',
  `allow_ping` int(1) DEFAULT '0' COMMENT '允许ping',
  `allow_feed` int(1) DEFAULT '0' COMMENT '允许反馈',
  `status` int(1) DEFAULT NULL COMMENT '状态',
  `author` varchar(100) DEFAULT NULL COMMENT '作者',
  `gtm_create` datetime DEFAULT NULL COMMENT '创建时间',
  `gtm_modified` datetime DEFAULT NULL COMMENT '修改时间',
  PRIMARY KEY (`cid`)
) ENGINE=InnoDB AUTO_INCREMENT=124 DEFAULT CHARSET=utf8 COMMENT='文章内容';

-- ----------------------------
-- Records of blog_content
-- ----------------------------
INSERT INTO blog_content VALUES ('122', '报销公告', null, null, null, '<p>请各位加快报销申请！ test</p>', 'article', null, '报销', null, null, '1', null, '0', '1', '财务', '2018-03-05 08:42:24', '2018-03-05 08:42:24');
INSERT INTO blog_content VALUES ('123', 'about', null, null, null, '<p>test</p>', 'article', null, 'about', null, null, '1', null, '0', '1', 'admin', '2018-03-05 10:18:01', '2018-03-05 10:18:01');

-- ----------------------------
-- Table structure for `oa_notify`
-- ----------------------------
DROP TABLE IF EXISTS `oa_notify`;
CREATE TABLE `oa_notify` (
  `id` bigint(20) NOT NULL AUTO_INCREMENT COMMENT '编号',
  `type` char(1) COLLATE utf8_bin DEFAULT NULL COMMENT '类型',
  `title` varchar(200) COLLATE utf8_bin DEFAULT NULL COMMENT '标题',
  `content` varchar(2000) COLLATE utf8_bin DEFAULT NULL COMMENT '内容',
  `files` varchar(2000) COLLATE utf8_bin DEFAULT NULL COMMENT '附件',
  `status` char(1) COLLATE utf8_bin DEFAULT NULL COMMENT '状态',
  `create_by` bigint(20) DEFAULT NULL COMMENT '创建者',
  `create_date` datetime DEFAULT NULL COMMENT '创建时间',
  `update_by` varchar(64) COLLATE utf8_bin DEFAULT NULL COMMENT '更新者',
  `update_date` datetime DEFAULT NULL COMMENT '更新时间',
  `remarks` varchar(255) COLLATE utf8_bin DEFAULT NULL COMMENT '备注信息',
  `del_flag` char(1) COLLATE utf8_bin DEFAULT '0' COMMENT '删除标记',
  PRIMARY KEY (`id`),
  KEY `oa_notify_del_flag` (`del_flag`)
) ENGINE=InnoDB AUTO_INCREMENT=47 DEFAULT CHARSET=utf8 COLLATE=utf8_bin COMMENT='通知通告';

-- ----------------------------
-- Records of oa_notify
-- ----------------------------

-- ----------------------------
-- Table structure for `oa_notify_record`
-- ----------------------------
DROP TABLE IF EXISTS `oa_notify_record`;
CREATE TABLE `oa_notify_record` (
  `id` bigint(20) NOT NULL AUTO_INCREMENT COMMENT '编号',
  `notify_id` bigint(20) DEFAULT NULL COMMENT '通知通告ID',
  `user_id` bigint(20) DEFAULT NULL COMMENT '接受人',
  `is_read` tinyint(1) DEFAULT '0' COMMENT '阅读标记',
  `read_date` date DEFAULT NULL COMMENT '阅读时间',
  PRIMARY KEY (`id`),
  KEY `oa_notify_record_notify_id` (`notify_id`),
  KEY `oa_notify_record_user_id` (`user_id`),
  KEY `oa_notify_record_read_flag` (`is_read`)
) ENGINE=InnoDB AUTO_INCREMENT=29 DEFAULT CHARSET=utf8 COLLATE=utf8_bin COMMENT='通知通告发送记录';

-- ----------------------------
-- Records of oa_notify_record
-- ----------------------------

-- ----------------------------
-- Table structure for `salary`
-- ----------------------------
DROP TABLE IF EXISTS `salary`;
CREATE TABLE `salary` (
  `id` varchar(64) COLLATE utf8_bin NOT NULL COMMENT '编号',
  `PROC_INS_ID` varchar(64) COLLATE utf8_bin DEFAULT NULL COMMENT '流程实例ID',
  `USER_ID` varchar(64) COLLATE utf8_bin DEFAULT NULL COMMENT '变动用户',
  `OFFICE_ID` varchar(64) COLLATE utf8_bin DEFAULT NULL COMMENT '归属部门',
  `POST` varchar(255) COLLATE utf8_bin DEFAULT NULL COMMENT '岗位',
  `AGE` char(1) COLLATE utf8_bin DEFAULT NULL COMMENT '性别',
  `EDU` varchar(255) COLLATE utf8_bin DEFAULT NULL COMMENT '学历',
  `CONTENT` varchar(255) COLLATE utf8_bin DEFAULT NULL COMMENT '调整原因',
  `OLDA` varchar(255) COLLATE utf8_bin DEFAULT NULL COMMENT '现行标准 薪酬档级',
  `OLDB` varchar(255) COLLATE utf8_bin DEFAULT NULL COMMENT '现行标准 月工资额',
  `OLDC` varchar(255) COLLATE utf8_bin DEFAULT NULL COMMENT '现行标准 年薪总额',
  `NEWA` varchar(255) COLLATE utf8_bin DEFAULT NULL COMMENT '调整后标准 薪酬档级',
  `NEWB` varchar(255) COLLATE utf8_bin DEFAULT NULL COMMENT '调整后标准 月工资额',
  `NEWC` varchar(255) COLLATE utf8_bin DEFAULT NULL COMMENT '调整后标准 年薪总额',
  `ADD_NUM` varchar(255) COLLATE utf8_bin DEFAULT NULL COMMENT '月增资',
  `EXE_DATE` varchar(255) COLLATE utf8_bin DEFAULT NULL COMMENT '执行时间',
  `HR_TEXT` varchar(255) COLLATE utf8_bin DEFAULT NULL COMMENT '人力资源部门意见',
  `LEAD_TEXT` varchar(255) COLLATE utf8_bin DEFAULT NULL COMMENT '分管领导意见',
  `MAIN_LEAD_TEXT` varchar(255) COLLATE utf8_bin DEFAULT NULL COMMENT '集团主要领导意见',
  `create_by` varchar(64) COLLATE utf8_bin NOT NULL COMMENT '创建者',
  `create_date` datetime NOT NULL COMMENT '创建时间',
  `update_by` varchar(64) COLLATE utf8_bin NOT NULL COMMENT '更新者',
  `update_date` datetime NOT NULL COMMENT '更新时间',
  `remarks` varchar(255) COLLATE utf8_bin DEFAULT NULL COMMENT '备注信息',
  `del_flag` char(1) COLLATE utf8_bin NOT NULL DEFAULT '0' COMMENT '删除标记',
  PRIMARY KEY (`id`),
  KEY `OA_TEST_AUDIT_del_flag` (`del_flag`)
) ENGINE=InnoDB DEFAULT CHARSET=utf8 COLLATE=utf8_bin COMMENT='审批流程测试表';

-- ----------------------------
-- Records of salary
-- ----------------------------
INSERT INTO salary VALUES ('825693cd6c1c4f6b86699fc3f1a54887', '', '136', '', '', '', '', '技能提高', '', '', '', '', '100', '', '', '', '同意', '同意', '总经理审批', '1', '2017-12-15 22:01:41', '1', '2017-12-15 22:01:41', null, '1');
INSERT INTO salary VALUES ('a80e1d9ef35a4502bd65b0e5ba7eafff', '', 'cccc', 'ccc', 'ccccc', '', '', '', '', '', '', '', '', '', '', '', '', '', '', '', '2017-11-30 16:35:15', '', '2017-11-30 16:35:15', '', '');
INSERT INTO salary VALUES ('b5d228f729f74833883917825749f0d5', '', '', '', '', '', '', '', '', '', '', '', '', '防守打法', '', '', '', '', '', '', '2017-11-30 19:58:36', '', '2017-11-30 19:58:36', '', '');
INSERT INTO salary VALUES ('cc2e8083f9d8478f831b2ea852e5c17b', '', '', 'cc', 'cc', '', '', 'xxx', '', '', '', '', '', '', '', '', '', '', '', '', '2017-11-30 19:18:59', '', '2017-11-30 19:18:59', '', '');
INSERT INTO salary VALUES ('cebdb316794b48be87d93dd4dbfb7d4b', '', '', '', '发的顺丰', '', '', '', '', '', '', '', '', '', '', '', '', '', '', '', '2017-11-30 19:58:43', '', '2017-11-30 19:58:43', '', '');

-- ----------------------------
-- Table structure for `sys_dept`
-- ----------------------------
DROP TABLE IF EXISTS `sys_dept`;
CREATE TABLE `sys_dept` (
  `dept_id` bigint(20) NOT NULL AUTO_INCREMENT,
  `parent_id` bigint(20) DEFAULT NULL COMMENT '上级部门ID，一级部门为0',
  `name` varchar(50) DEFAULT NULL COMMENT '部门名称',
  `order_num` int(11) DEFAULT NULL COMMENT '排序',
  `del_flag` tinyint(4) DEFAULT '0' COMMENT '是否删除  -1：已删除  0：正常',
  PRIMARY KEY (`dept_id`)
) ENGINE=InnoDB AUTO_INCREMENT=17 DEFAULT CHARSET=utf8 COMMENT='部门管理';

-- ----------------------------
-- Records of sys_dept
-- ----------------------------
INSERT INTO sys_dept VALUES ('6', '0', '研发部', '1', '1');
INSERT INTO sys_dept VALUES ('7', '6', '研發一部', '1', '1');
INSERT INTO sys_dept VALUES ('8', '6', '研发二部', '2', '1');
INSERT INTO sys_dept VALUES ('9', '0', '销售部', '2', '1');
INSERT INTO sys_dept VALUES ('10', '9', '销售一部', '1', '1');
INSERT INTO sys_dept VALUES ('11', '0', '产品部', '3', '1');
INSERT INTO sys_dept VALUES ('12', '11', '产品一部', '1', '1');
INSERT INTO sys_dept VALUES ('13', '0', '测试部', '5', '1');
INSERT INTO sys_dept VALUES ('14', '13', '测试一部', '1', '1');
INSERT INTO sys_dept VALUES ('15', '13', '测试二部', '2', '1');
INSERT INTO sys_dept VALUES ('16', '0', '总经理办公室', '1', '1');

-- ----------------------------
-- Table structure for `sys_dict`
-- ----------------------------
DROP TABLE IF EXISTS `sys_dict`;
CREATE TABLE `sys_dict` (
  `id` bigint(64) NOT NULL AUTO_INCREMENT COMMENT '编号',
  `name` varchar(100) COLLATE utf8_bin DEFAULT NULL COMMENT '标签名',
  `value` varchar(100) COLLATE utf8_bin DEFAULT NULL COMMENT '数据值',
  `type` varchar(100) COLLATE utf8_bin DEFAULT NULL COMMENT '类型',
  `description` varchar(100) COLLATE utf8_bin DEFAULT NULL COMMENT '描述',
  `sort` decimal(10,0) DEFAULT NULL COMMENT '排序（升序）',
  `parent_id` bigint(64) DEFAULT '0' COMMENT '父级编号',
  `create_by` int(64) DEFAULT NULL COMMENT '创建者',
  `create_date` datetime DEFAULT NULL COMMENT '创建时间',
  `update_by` bigint(64) DEFAULT NULL COMMENT '更新者',
  `update_date` datetime DEFAULT NULL COMMENT '更新时间',
  `remarks` varchar(255) COLLATE utf8_bin DEFAULT NULL COMMENT '备注信息',
  `del_flag` char(1) COLLATE utf8_bin DEFAULT '0' COMMENT '删除标记',
  PRIMARY KEY (`id`),
  KEY `sys_dict_value` (`value`),
  KEY `sys_dict_label` (`name`),
  KEY `sys_dict_del_flag` (`del_flag`)
) ENGINE=InnoDB AUTO_INCREMENT=123 DEFAULT CHARSET=utf8 COLLATE=utf8_bin COMMENT='字典表';

-- ----------------------------
-- Records of sys_dict
-- ----------------------------
INSERT INTO sys_dict VALUES ('1', '正常', '0', 'del_flag', '删除标记', '10', '0', '1', null, '1', null, null, '0');
INSERT INTO sys_dict VALUES ('3', '显示', '1', 'show_hide', '显示/隐藏', '10', '0', '1', null, '1', null, null, '0');
INSERT INTO sys_dict VALUES ('4', '隐藏', '0', 'show_hide', '显示/隐藏', '20', '0', '1', null, '1', null, null, '0');
INSERT INTO sys_dict VALUES ('5', '是', '1', 'yes_no', '是/否', '10', '0', '1', null, '1', null, null, '0');
INSERT INTO sys_dict VALUES ('6', '否', '0', 'yes_no', '是/否', '20', '0', '1', null, '1', null, null, '0');
INSERT INTO sys_dict VALUES ('7', '红色', 'red', 'color', '颜色值', '10', '0', '1', null, '1', null, null, '0');
INSERT INTO sys_dict VALUES ('8', '绿色', 'green', 'color', '颜色值', '20', '0', '1', null, '1', null, null, '0');
INSERT INTO sys_dict VALUES ('9', '蓝色', 'blue', 'color', '颜色值', '30', '0', '1', null, '1', null, null, '0');
INSERT INTO sys_dict VALUES ('10', '黄色', 'yellow', 'color', '颜色值', '40', '0', '1', null, '1', null, null, '0');
INSERT INTO sys_dict VALUES ('11', '橙色', 'orange', 'color', '颜色值', '50', '0', '1', null, '1', null, null, '0');
INSERT INTO sys_dict VALUES ('12', '默认主题', 'default', 'theme', '主题方案', '10', '0', '1', null, '1', null, null, '0');
INSERT INTO sys_dict VALUES ('13', '天蓝主题', 'cerulean', 'theme', '主题方案', '20', '0', '1', null, '1', null, null, '0');
INSERT INTO sys_dict VALUES ('14', '橙色主题', 'readable', 'theme', '主题方案', '30', '0', '1', null, '1', null, null, '0');
INSERT INTO sys_dict VALUES ('15', '红色主题', 'united', 'theme', '主题方案', '40', '0', '1', null, '1', null, null, '0');
INSERT INTO sys_dict VALUES ('16', 'Flat主题', 'flat', 'theme', '主题方案', '60', '0', '1', null, '1', null, null, '0');
INSERT INTO sys_dict VALUES ('17', '国家', '1', 'sys_area_type', '区域类型', '10', '0', '1', null, '1', null, null, '0');
INSERT INTO sys_dict VALUES ('18', '省份、直辖市', '2', 'sys_area_type', '区域类型', '20', '0', '1', null, '1', null, null, '0');
INSERT INTO sys_dict VALUES ('19', '地市', '3', 'sys_area_type', '区域类型', '30', '0', '1', null, '1', null, null, '0');
INSERT INTO sys_dict VALUES ('20', '区县', '4', 'sys_area_type', '区域类型', '40', '0', '1', null, '1', null, null, '0');
INSERT INTO sys_dict VALUES ('21', '公司', '1', 'sys_office_type', '机构类型', '60', '0', '1', null, '1', null, null, '0');
INSERT INTO sys_dict VALUES ('22', '部门', '2', 'sys_office_type', '机构类型', '70', '0', '1', null, '1', null, null, '0');
INSERT INTO sys_dict VALUES ('23', '小组', '3', 'sys_office_type', '机构类型', '80', '0', '1', null, '1', null, null, '0');
INSERT INTO sys_dict VALUES ('24', '其它', '4', 'sys_office_type', '机构类型', '90', '0', '1', null, '1', null, null, '0');
INSERT INTO sys_dict VALUES ('25', '综合部', '1', 'sys_office_common', '快捷通用部门', '30', '0', '1', null, '1', null, null, '0');
INSERT INTO sys_dict VALUES ('26', '开发部', '2', 'sys_office_common', '快捷通用部门', '40', '0', '1', null, '1', null, null, '0');
INSERT INTO sys_dict VALUES ('27', '人力部', '3', 'sys_office_common', '快捷通用部门', '50', '0', '1', null, '1', null, null, '0');
INSERT INTO sys_dict VALUES ('28', '一级', '1', 'sys_office_grade', '机构等级', '10', '0', '1', null, '1', null, null, '0');
INSERT INTO sys_dict VALUES ('29', '二级', '2', 'sys_office_grade', '机构等级', '20', '0', '1', null, '1', null, null, '0');
INSERT INTO sys_dict VALUES ('30', '三级', '3', 'sys_office_grade', '机构等级', '30', '0', '1', null, '1', null, null, '0');
INSERT INTO sys_dict VALUES ('31', '四级', '4', 'sys_office_grade', '机构等级', '40', '0', '1', null, '1', null, null, '0');
INSERT INTO sys_dict VALUES ('32', '所有数据', '1', 'sys_data_scope', '数据范围', '10', '0', '1', null, '1', null, null, '0');
INSERT INTO sys_dict VALUES ('33', '所在公司及以下数据', '2', 'sys_data_scope', '数据范围', '20', '0', '1', null, '1', null, null, '0');
INSERT INTO sys_dict VALUES ('34', '所在公司数据', '3', 'sys_data_scope', '数据范围', '30', '0', '1', null, '1', null, null, '0');
INSERT INTO sys_dict VALUES ('35', '所在部门及以下数据', '4', 'sys_data_scope', '数据范围', '40', '0', '1', null, '1', null, null, '0');
INSERT INTO sys_dict VALUES ('36', '所在部门数据', '5', 'sys_data_scope', '数据范围', '50', '0', '1', null, '1', null, null, '0');
INSERT INTO sys_dict VALUES ('37', '仅本人数据', '8', 'sys_data_scope', '数据范围', '90', '0', '1', null, '1', null, null, '0');
INSERT INTO sys_dict VALUES ('38', '按明细设置', '9', 'sys_data_scope', '数据范围', '100', '0', '1', null, '1', null, null, '0');
INSERT INTO sys_dict VALUES ('39', '系统管理', '1', 'sys_user_type', '用户类型', '10', '0', '1', null, '1', null, null, '0');
INSERT INTO sys_dict VALUES ('40', '部门经理', '2', 'sys_user_type', '用户类型', '20', '0', '1', null, '1', null, null, '0');
INSERT INTO sys_dict VALUES ('41', '普通用户', '3', 'sys_user_type', '用户类型', '30', '0', '1', null, '1', null, null, '0');
INSERT INTO sys_dict VALUES ('42', '基础主题', 'basic', 'cms_theme', '站点主题', '10', '0', '1', null, '1', null, null, '0');
INSERT INTO sys_dict VALUES ('43', '蓝色主题', 'blue', 'cms_theme', '站点主题', '20', '0', '1', null, '1', null, null, '1');
INSERT INTO sys_dict VALUES ('44', '红色主题', 'red', 'cms_theme', '站点主题', '30', '0', '1', null, '1', null, null, '1');
INSERT INTO sys_dict VALUES ('45', '文章模型', 'article', 'cms_module', '栏目模型', '10', '0', '1', null, '1', null, null, '0');
INSERT INTO sys_dict VALUES ('46', '图片模型', 'picture', 'cms_module', '栏目模型', '20', '0', '1', null, '1', null, null, '1');
INSERT INTO sys_dict VALUES ('47', '下载模型', 'download', 'cms_module', '栏目模型', '30', '0', '1', null, '1', null, null, '1');
INSERT INTO sys_dict VALUES ('48', '链接模型', 'link', 'cms_module', '栏目模型', '40', '0', '1', null, '1', null, null, '0');
INSERT INTO sys_dict VALUES ('49', '专题模型', 'special', 'cms_module', '栏目模型', '50', '0', '1', null, '1', null, null, '1');
INSERT INTO sys_dict VALUES ('50', '默认展现方式', '0', 'cms_show_modes', '展现方式', '10', '0', '1', null, '1', null, null, '0');
INSERT INTO sys_dict VALUES ('51', '首栏目内容列表', '1', 'cms_show_modes', '展现方式', '20', '0', '1', null, '1', null, null, '0');
INSERT INTO sys_dict VALUES ('52', '栏目第一条内容', '2', 'cms_show_modes', '展现方式', '30', '0', '1', null, '1', null, null, '0');
INSERT INTO sys_dict VALUES ('53', '发布', '0', 'cms_del_flag', '内容状态', '10', '0', '1', null, '1', null, null, '0');
INSERT INTO sys_dict VALUES ('54', '删除', '1', 'cms_del_flag', '内容状态', '20', '0', '1', null, '1', null, null, '0');
INSERT INTO sys_dict VALUES ('55', '审核', '2', 'cms_del_flag', '内容状态', '15', '0', '1', null, '1', null, null, '0');
INSERT INTO sys_dict VALUES ('56', '首页焦点图', '1', 'cms_posid', '推荐位', '10', '0', '1', null, '1', null, null, '0');
INSERT INTO sys_dict VALUES ('57', '栏目页文章推荐', '2', 'cms_posid', '推荐位', '20', '0', '1', null, '1', null, null, '0');
INSERT INTO sys_dict VALUES ('58', '咨询', '1', 'cms_guestbook', '留言板分类', '10', '0', '1', null, '1', null, null, '0');
INSERT INTO sys_dict VALUES ('59', '建议', '2', 'cms_guestbook', '留言板分类', '20', '0', '1', null, '1', null, null, '0');
INSERT INTO sys_dict VALUES ('60', '投诉', '3', 'cms_guestbook', '留言板分类', '30', '0', '1', null, '1', null, null, '0');
INSERT INTO sys_dict VALUES ('61', '其它', '4', 'cms_guestbook', '留言板分类', '40', '0', '1', null, '1', null, null, '0');
INSERT INTO sys_dict VALUES ('62', '公休', '1', 'oa_leave_type', '请假类型', '10', '0', '1', null, '1', null, null, '0');
INSERT INTO sys_dict VALUES ('63', '病假', '2', 'oa_leave_type', '请假类型', '20', '0', '1', null, '1', null, null, '0');
INSERT INTO sys_dict VALUES ('64', '事假', '3', 'oa_leave_type', '请假类型', '30', '0', '1', null, '1', null, null, '0');
INSERT INTO sys_dict VALUES ('65', '调休', '4', 'oa_leave_type', '请假类型', '40', '0', '1', null, '1', null, null, '0');
INSERT INTO sys_dict VALUES ('66', '婚假', '5', 'oa_leave_type', '请假类型', '60', '0', '1', null, '1', null, null, '0');
INSERT INTO sys_dict VALUES ('67', '接入日志', '1', 'sys_log_type', '日志类型', '30', '0', '1', null, '1', null, null, '0');
INSERT INTO sys_dict VALUES ('68', '异常日志', '2', 'sys_log_type', '日志类型', '40', '0', '1', null, '1', null, null, '0');
INSERT INTO sys_dict VALUES ('69', '请假流程', 'leave', 'act_type', '流程类型', '10', '0', '1', null, '1', null, null, '0');
INSERT INTO sys_dict VALUES ('70', '审批测试流程', 'test_audit', 'act_type', '流程类型', '20', '0', '1', null, '1', null, null, '0');
INSERT INTO sys_dict VALUES ('71', '分类1', '1', 'act_category', '流程分类', '10', '0', '1', null, '1', null, null, '0');
INSERT INTO sys_dict VALUES ('72', '分类2', '2', 'act_category', '流程分类', '20', '0', '1', null, '1', null, null, '0');
INSERT INTO sys_dict VALUES ('73', '增删改查', 'crud', 'gen_category', '代码生成分类', '10', '0', '1', null, '1', null, null, '1');
INSERT INTO sys_dict VALUES ('74', '增删改查（包含从表）', 'crud_many', 'gen_category', '代码生成分类', '20', '0', '1', null, '1', null, null, '1');
INSERT INTO sys_dict VALUES ('75', '树结构', 'tree', 'gen_category', '代码生成分类', '30', '0', '1', null, '1', null, null, '1');
INSERT INTO sys_dict VALUES ('76', '=', '=', 'gen_query_type', '查询方式', '10', '0', '1', null, '1', null, null, '1');
INSERT INTO sys_dict VALUES ('77', '!=', '!=', 'gen_query_type', '查询方式', '20', '0', '1', null, '1', null, null, '1');
INSERT INTO sys_dict VALUES ('78', '&gt;', '&gt;', 'gen_query_type', '查询方式', '30', '0', '1', null, '1', null, null, '1');
INSERT INTO sys_dict VALUES ('79', '&lt;', '&lt;', 'gen_query_type', '查询方式', '40', '0', '1', null, '1', null, null, '1');
INSERT INTO sys_dict VALUES ('80', 'Between', 'between', 'gen_query_type', '查询方式', '50', '0', '1', null, '1', null, null, '1');
INSERT INTO sys_dict VALUES ('81', 'Like', 'like', 'gen_query_type', '查询方式', '60', '0', '1', null, '1', null, null, '1');
INSERT INTO sys_dict VALUES ('82', 'Left Like', 'left_like', 'gen_query_type', '查询方式', '70', '0', '1', null, '1', null, null, '1');
INSERT INTO sys_dict VALUES ('83', 'Right Like', 'right_like', 'gen_query_type', '查询方式', '80', '0', '1', null, '1', null, null, '1');
INSERT INTO sys_dict VALUES ('84', '文本框', 'input', 'gen_show_type', '字段生成方案', '10', '0', '1', null, '1', null, null, '1');
INSERT INTO sys_dict VALUES ('85', '文本域', 'textarea', 'gen_show_type', '字段生成方案', '20', '0', '1', null, '1', null, null, '1');
INSERT INTO sys_dict VALUES ('86', '下拉框', 'select', 'gen_show_type', '字段生成方案', '30', '0', '1', null, '1', null, null, '1');
INSERT INTO sys_dict VALUES ('87', '复选框', 'checkbox', 'gen_show_type', '字段生成方案', '40', '0', '1', null, '1', null, null, '1');
INSERT INTO sys_dict VALUES ('88', '单选框', 'radiobox', 'gen_show_type', '字段生成方案', '50', '0', '1', null, '1', null, null, '1');
INSERT INTO sys_dict VALUES ('89', '日期选择', 'dateselect', 'gen_show_type', '字段生成方案', '60', '0', '1', null, '1', null, null, '1');
INSERT INTO sys_dict VALUES ('90', '人员选择', 'userselect', 'gen_show_type', '字段生成方案', '70', '0', '1', null, '1', null, null, '1');
INSERT INTO sys_dict VALUES ('91', '部门选择', 'officeselect', 'gen_show_type', '字段生成方案', '80', '0', '1', null, '1', null, null, '1');
INSERT INTO sys_dict VALUES ('92', '区域选择', 'areaselect', 'gen_show_type', '字段生成方案', '90', '0', '1', null, '1', null, null, '1');
INSERT INTO sys_dict VALUES ('93', 'String', 'String', 'gen_java_type', 'Java类型', '10', '0', '1', null, '1', null, null, '1');
INSERT INTO sys_dict VALUES ('94', 'Long', 'Long', 'gen_java_type', 'Java类型', '20', '0', '1', null, '1', null, null, '1');
INSERT INTO sys_dict VALUES ('95', '仅持久层', 'dao', 'gen_category', '代码生成分类', '40', '0', '1', null, '1', null, null, '1');
INSERT INTO sys_dict VALUES ('96', '男', '1', 'sex', '性别', '10', '0', '1', null, '1', null, null, '0');
INSERT INTO sys_dict VALUES ('97', '女', '2', 'sex', '性别', '20', '0', '1', null, '1', null, null, '0');
INSERT INTO sys_dict VALUES ('98', 'Integer', 'Integer', 'gen_java_type', 'Java类型', '30', '0', '1', null, '1', null, null, '1');
INSERT INTO sys_dict VALUES ('99', 'Double', 'Double', 'gen_java_type', 'Java类型', '40', '0', '1', null, '1', null, null, '1');
INSERT INTO sys_dict VALUES ('100', 'Date', 'java.util.Date', 'gen_java_type', 'Java类型', '50', '0', '1', null, '1', null, null, '1');
INSERT INTO sys_dict VALUES ('104', 'Custom', 'Custom', 'gen_java_type', 'Java类型', '90', '0', '1', null, '1', null, null, '1');
INSERT INTO sys_dict VALUES ('105', '会议通告', '1', 'oa_notify_type', '通知通告类型', '10', '0', '1', null, '1', null, null, '0');
INSERT INTO sys_dict VALUES ('106', '奖惩通告', '2', 'oa_notify_type', '通知通告类型', '20', '0', '1', null, '1', null, null, '0');
INSERT INTO sys_dict VALUES ('107', '活动通告', '3', 'oa_notify_type', '通知通告类型', '30', '0', '1', null, '1', null, null, '0');
INSERT INTO sys_dict VALUES ('108', '草稿', '0', 'oa_notify_status', '通知通告状态', '10', '0', '1', null, '1', null, null, '0');
INSERT INTO sys_dict VALUES ('109', '发布', '1', 'oa_notify_status', '通知通告状态', '20', '0', '1', null, '1', null, null, '0');
INSERT INTO sys_dict VALUES ('110', '未读', '0', 'oa_notify_read', '通知通告状态', '10', '0', '1', null, '1', null, null, '0');
INSERT INTO sys_dict VALUES ('111', '已读', '1', 'oa_notify_read', '通知通告状态', '20', '0', '1', null, '1', null, null, '0');
INSERT INTO sys_dict VALUES ('112', '草稿', '0', 'oa_notify_status', '通知通告状态', '10', '0', '1', null, '1', null, '', '0');
INSERT INTO sys_dict VALUES ('113', '删除', '0', 'del_flag', '删除标记', null, null, null, null, null, null, '', '');
INSERT INTO sys_dict VALUES ('118', '关于', 'about', 'blog_type', '博客类型', null, null, null, null, null, null, '全url是:/blog/open/page/about', '');
INSERT INTO sys_dict VALUES ('119', '交流', 'communication', 'blog_type', '博客类型', null, null, null, null, null, null, '', '');
INSERT INTO sys_dict VALUES ('120', '文章', 'article', 'blog_type', '博客类型', null, null, null, null, null, null, '', '');
INSERT INTO sys_dict VALUES ('121', '编码', 'code', 'hobby', '爱好', null, null, null, null, null, null, '', '');
INSERT INTO sys_dict VALUES ('122', '绘画', 'painting', 'hobby', '爱好', null, null, null, null, null, null, '', '');

-- ----------------------------
-- Table structure for `sys_file`
-- ----------------------------
DROP TABLE IF EXISTS `sys_file`;
CREATE TABLE `sys_file` (
  `id` bigint(20) NOT NULL AUTO_INCREMENT,
  `type` int(11) DEFAULT NULL COMMENT '文件类型',
  `url` varchar(200) DEFAULT NULL COMMENT 'URL地址',
  `create_date` datetime DEFAULT NULL COMMENT '创建时间',
  PRIMARY KEY (`id`)
) ENGINE=InnoDB AUTO_INCREMENT=142 DEFAULT CHARSET=utf8 COMMENT='文件上传';

-- ----------------------------
-- Records of sys_file
-- ----------------------------
INSERT INTO sys_file VALUES ('141', '0', '/files/afac30ed-b8ef-4e1b-bc59-9d8228ae8cb3.jpg', '2018-03-05 08:40:54');

-- ----------------------------
-- Table structure for `sys_log`
-- ----------------------------
DROP TABLE IF EXISTS `sys_log`;
CREATE TABLE `sys_log` (
  `id` bigint(20) NOT NULL AUTO_INCREMENT,
  `user_id` bigint(20) DEFAULT NULL COMMENT '用户id',
  `username` varchar(50) DEFAULT NULL COMMENT '用户名',
  `operation` varchar(50) DEFAULT NULL COMMENT '用户操作',
  `time` int(11) DEFAULT NULL COMMENT '响应时间',
  `method` varchar(200) DEFAULT NULL COMMENT '请求方法',
  `params` varchar(5000) DEFAULT NULL COMMENT '请求参数',
  `ip` varchar(64) DEFAULT NULL COMMENT 'IP地址',
  `gmt_create` datetime DEFAULT NULL COMMENT '创建时间',
  PRIMARY KEY (`id`)
) ENGINE=InnoDB AUTO_INCREMENT=404 DEFAULT CHARSET=utf8 COMMENT='系统日志';

-- ----------------------------
-- Records of sys_log
-- ----------------------------
INSERT INTO sys_log VALUES ('403', '1', 'admin', '请求访问主页', '16', 'com.jfly.system.controller.LoginController.index()', null, '127.0.0.1', '2018-03-05 10:21:44');

-- ----------------------------
-- Table structure for `sys_menu`
-- ----------------------------
DROP TABLE IF EXISTS `sys_menu`;
CREATE TABLE `sys_menu` (
  `menu_id` bigint(20) NOT NULL AUTO_INCREMENT,
  `parent_id` bigint(20) DEFAULT NULL COMMENT '父菜单ID，一级菜单为0',
  `name` varchar(50) DEFAULT NULL COMMENT '菜单名称',
  `url` varchar(200) DEFAULT NULL COMMENT '菜单URL',
  `perms` varchar(500) DEFAULT NULL COMMENT '授权(多个用逗号分隔，如：user:list,user:create)',
  `type` int(11) DEFAULT NULL COMMENT '类型   0：目录   1：菜单   2：按钮',
  `icon` varchar(50) DEFAULT NULL COMMENT '菜单图标',
  `order_num` int(11) DEFAULT NULL COMMENT '排序',
  `gmt_create` datetime DEFAULT NULL COMMENT '创建时间',
  `gmt_modified` datetime DEFAULT NULL COMMENT '修改时间',
  PRIMARY KEY (`menu_id`)
) ENGINE=InnoDB AUTO_INCREMENT=102 DEFAULT CHARSET=utf8 COMMENT='菜单管理';

-- ----------------------------
-- Records of sys_menu
-- ----------------------------
INSERT INTO sys_menu VALUES ('1', '0', '基础管理', '', '', '0', 'fa fa-bars', '0', '2017-08-09 22:49:47', null);
INSERT INTO sys_menu VALUES ('2', '3', '系统菜单', 'sys/menu/', 'sys:menu:menu', '1', 'fa fa-th-list', '2', '2017-08-09 22:55:15', null);
INSERT INTO sys_menu VALUES ('3', '0', '系统管理', null, null, '0', 'fa fa-desktop', '1', '2017-08-09 23:06:55', '2017-08-14 14:13:43');
INSERT INTO sys_menu VALUES ('6', '3', '用户管理', 'sys/user/', 'sys:user:user', '1', 'fa fa-user', '0', '2017-08-10 14:12:11', null);
INSERT INTO sys_menu VALUES ('7', '3', '角色管理', 'sys/role', 'sys:role:role', '1', 'fa fa-paw', '1', '2017-08-10 14:13:19', null);
INSERT INTO sys_menu VALUES ('12', '6', '新增', '', 'sys:user:add', '2', '', '0', '2017-08-14 10:51:35', null);
INSERT INTO sys_menu VALUES ('13', '6', '编辑', '', 'sys:user:edit', '2', '', '0', '2017-08-14 10:52:06', null);
INSERT INTO sys_menu VALUES ('14', '6', '删除', null, 'sys:user:remove', '2', null, '0', '2017-08-14 10:52:24', null);
INSERT INTO sys_menu VALUES ('15', '7', '新增', '', 'sys:role:add', '2', '', '0', '2017-08-14 10:56:37', null);
INSERT INTO sys_menu VALUES ('20', '2', '新增', '', 'sys:menu:add', '2', '', '0', '2017-08-14 10:59:32', null);
INSERT INTO sys_menu VALUES ('21', '2', '编辑', '', 'sys:menu:edit', '2', '', '0', '2017-08-14 10:59:56', null);
INSERT INTO sys_menu VALUES ('22', '2', '删除', '', 'sys:menu:remove', '2', '', '0', '2017-08-14 11:00:26', null);
INSERT INTO sys_menu VALUES ('24', '6', '批量删除', '', 'sys:user:batchRemove', '2', '', '0', '2017-08-14 17:27:18', null);
INSERT INTO sys_menu VALUES ('25', '6', '停用', null, 'sys:user:disable', '2', null, '0', '2017-08-14 17:27:43', null);
INSERT INTO sys_menu VALUES ('26', '6', '重置密码', '', 'sys:user:resetPwd', '2', '', '0', '2017-08-14 17:28:34', null);
INSERT INTO sys_menu VALUES ('27', '91', '系统日志', 'common/log', 'common:log', '1', 'fa fa-warning', '0', '2017-08-14 22:11:53', null);
INSERT INTO sys_menu VALUES ('28', '27', '刷新', null, 'sys:log:list', '2', null, '0', '2017-08-14 22:30:22', null);
INSERT INTO sys_menu VALUES ('29', '27', '删除', null, 'sys:log:remove', '2', null, '0', '2017-08-14 22:30:43', null);
INSERT INTO sys_menu VALUES ('30', '27', '清空', null, 'sys:log:clear', '2', null, '0', '2017-08-14 22:31:02', null);
INSERT INTO sys_menu VALUES ('48', '77', '代码生成', 'common/generator', 'common:generator', '1', 'fa fa-code', '3', null, null);
INSERT INTO sys_menu VALUES ('49', '0', '博客管理', '', '', '0', 'fa fa-rss', '6', null, null);
INSERT INTO sys_menu VALUES ('50', '49', '文章列表', 'blog/bContent', 'blog:bContent:bContent', '1', 'fa fa-file-image-o', '1', null, null);
INSERT INTO sys_menu VALUES ('51', '50', '新增', '', 'blog:bContent:add', '2', '', null, null, null);
INSERT INTO sys_menu VALUES ('55', '7', '编辑', '', 'sys:role:edit', '2', '', null, null, null);
INSERT INTO sys_menu VALUES ('56', '7', '删除', '', 'sys:role:remove', '2', null, null, null, null);
INSERT INTO sys_menu VALUES ('57', '91', '运行监控', '/druid/index.html', '', '1', 'fa fa-caret-square-o-right', '1', null, null);
INSERT INTO sys_menu VALUES ('58', '50', '编辑', '', 'blog:bContent:edit', '2', null, null, null, null);
INSERT INTO sys_menu VALUES ('59', '50', '删除', '', 'blog:bContent:remove', '2', null, null, null, null);
INSERT INTO sys_menu VALUES ('60', '50', '批量删除', '', 'blog:bContent:batchRemove', '2', null, null, null, null);
INSERT INTO sys_menu VALUES ('61', '2', '批量删除', '', 'sys:menu:batchRemove', '2', null, null, null, null);
INSERT INTO sys_menu VALUES ('62', '7', '批量删除', '', 'sys:role:batchRemove', '2', null, null, null, null);
INSERT INTO sys_menu VALUES ('68', '49', '发布文章', '/blog/bContent/add', 'blog:bContent:add', '1', 'fa fa-edit', '0', null, null);
INSERT INTO sys_menu VALUES ('71', '1', '文件管理', '/common/sysFile', 'common:sysFile:sysFile', '1', 'fa fa-folder-open', '2', null, null);
INSERT INTO sys_menu VALUES ('72', '77', '计划任务', 'common/job', 'common:taskScheduleJob', '1', 'fa fa-hourglass-1', '4', null, null);
INSERT INTO sys_menu VALUES ('73', '3', '部门管理', '/system/sysDept', 'system:sysDept:sysDept', '1', 'fa fa-users', '3', null, null);
INSERT INTO sys_menu VALUES ('74', '73', '增加', '/system/sysDept/add', 'system:sysDept:add', '2', null, '1', null, null);
INSERT INTO sys_menu VALUES ('75', '73', '刪除', 'system/sysDept/remove', 'system:sysDept:remove', '2', null, '2', null, null);
INSERT INTO sys_menu VALUES ('76', '73', '编辑', '/system/sysDept/edit', 'system:sysDept:edit', '2', null, '3', null, null);
INSERT INTO sys_menu VALUES ('77', '0', '系统工具', '', '', '0', 'fa fa-gear', '4', null, null);
INSERT INTO sys_menu VALUES ('78', '1', '数据字典', '/common/dict', 'common:dict:dict', '1', 'fa fa-book', '1', null, null);
INSERT INTO sys_menu VALUES ('79', '78', '增加', '/common/dict/add', 'common:dict:add', '2', null, '2', null, null);
INSERT INTO sys_menu VALUES ('80', '78', '编辑', '/common/dict/edit', 'common:dict:edit', '2', null, '2', null, null);
INSERT INTO sys_menu VALUES ('81', '78', '删除', '/common/dict/remove', 'common:dict:remove', '2', '', '3', null, null);
INSERT INTO sys_menu VALUES ('83', '78', '批量删除', '/common/dict/batchRemove', 'common:dict:batchRemove', '2', '', '4', null, null);
INSERT INTO sys_menu VALUES ('84', '0', '办公管理', '', '', '0', 'fa fa-laptop', '5', null, null);
INSERT INTO sys_menu VALUES ('85', '84', '通知公告', 'oa/notify', 'oa:notify:notify', '1', 'fa fa-pencil-square', null, null, null);
INSERT INTO sys_menu VALUES ('86', '85', '新增', 'oa/notify/add', 'oa:notify:add', '2', 'fa fa-plus', '1', null, null);
INSERT INTO sys_menu VALUES ('87', '85', '编辑', 'oa/notify/edit', 'oa:notify:edit', '2', 'fa fa-pencil-square-o', '2', null, null);
INSERT INTO sys_menu VALUES ('88', '85', '删除', 'oa/notify/remove', 'oa:notify:remove', '2', 'fa fa-minus', null, null, null);
INSERT INTO sys_menu VALUES ('89', '85', '批量删除', 'oa/notify/batchRemove', 'oa:notify:batchRemove', '2', '', null, null, null);
INSERT INTO sys_menu VALUES ('90', '84', '我的通知', 'oa/notify/selfNotify', '', '1', 'fa fa-envelope-square', null, null, null);
INSERT INTO sys_menu VALUES ('91', '0', '系统监控', '', '', '0', 'fa fa-video-camera', '5', null, null);
INSERT INTO sys_menu VALUES ('92', '91', '在线用户', 'sys/online', '', '1', 'fa fa-user', null, null, null);
INSERT INTO sys_menu VALUES ('93', '0', '工作流程', '', '', '0', 'fa fa-print', '6', null, null);
INSERT INTO sys_menu VALUES ('94', '93', '模型管理', 'activiti/model', '', '1', 'fa fa-sort-amount-asc', null, null, null);
INSERT INTO sys_menu VALUES ('95', '94', '全部权限', '', 'activiti:model', '2', '', null, null, null);
INSERT INTO sys_menu VALUES ('96', '93', '流程管理', 'activiti/process', '', '1', 'fa fa-flag', null, null, null);
INSERT INTO sys_menu VALUES ('97', '0', '图表管理', '', '', '0', 'fa fa-bar-chart', '7', null, null);
INSERT INTO sys_menu VALUES ('98', '97', '百度chart', '/chart/graph_echarts.html', '', '1', 'fa fa-area-chart', null, null, null);
INSERT INTO sys_menu VALUES ('99', '96', '所有权限', '', 'act:process', '2', '', null, null, null);
INSERT INTO sys_menu VALUES ('101', '93', '待办任务', 'activiti/task/todo', '', '1', '', null, null, null);

-- ----------------------------
-- Table structure for `sys_role`
-- ----------------------------
DROP TABLE IF EXISTS `sys_role`;
CREATE TABLE `sys_role` (
  `role_id` bigint(20) NOT NULL AUTO_INCREMENT,
  `role_name` varchar(100) DEFAULT NULL COMMENT '角色名称',
  `role_sign` varchar(100) DEFAULT NULL COMMENT '角色标识',
  `remark` varchar(100) DEFAULT NULL COMMENT '备注',
  `user_id_create` bigint(255) DEFAULT NULL COMMENT '创建用户id',
  `gmt_create` datetime DEFAULT NULL COMMENT '创建时间',
  `gmt_modified` datetime DEFAULT NULL COMMENT '创建时间',
  PRIMARY KEY (`role_id`)
) ENGINE=InnoDB AUTO_INCREMENT=60 DEFAULT CHARSET=utf8 COMMENT='角色';

-- ----------------------------
-- Records of sys_role
-- ----------------------------
INSERT INTO sys_role VALUES ('1', '超级用户角色', 'admin', '拥有最高权限', '2', '2017-08-12 00:43:52', '2017-08-12 19:14:59');
INSERT INTO sys_role VALUES ('59', '普通用户', null, '', null, null, null);

-- ----------------------------
-- Table structure for `sys_role_menu`
-- ----------------------------
DROP TABLE IF EXISTS `sys_role_menu`;
CREATE TABLE `sys_role_menu` (
  `id` bigint(20) NOT NULL AUTO_INCREMENT,
  `role_id` bigint(20) DEFAULT NULL COMMENT '角色ID',
  `menu_id` bigint(20) DEFAULT NULL COMMENT '菜单ID',
  PRIMARY KEY (`id`)
) ENGINE=InnoDB AUTO_INCREMENT=3018 DEFAULT CHARSET=utf8 COMMENT='角色与菜单对应关系';

-- ----------------------------
-- Records of sys_role_menu
-- ----------------------------
INSERT INTO sys_role_menu VALUES ('367', '44', '1');
INSERT INTO sys_role_menu VALUES ('368', '44', '32');
INSERT INTO sys_role_menu VALUES ('369', '44', '33');
INSERT INTO sys_role_menu VALUES ('370', '44', '34');
INSERT INTO sys_role_menu VALUES ('371', '44', '35');
INSERT INTO sys_role_menu VALUES ('372', '44', '28');
INSERT INTO sys_role_menu VALUES ('373', '44', '29');
INSERT INTO sys_role_menu VALUES ('374', '44', '30');
INSERT INTO sys_role_menu VALUES ('375', '44', '38');
INSERT INTO sys_role_menu VALUES ('376', '44', '4');
INSERT INTO sys_role_menu VALUES ('377', '44', '27');
INSERT INTO sys_role_menu VALUES ('378', '45', '38');
INSERT INTO sys_role_menu VALUES ('379', '46', '3');
INSERT INTO sys_role_menu VALUES ('380', '46', '20');
INSERT INTO sys_role_menu VALUES ('381', '46', '21');
INSERT INTO sys_role_menu VALUES ('382', '46', '22');
INSERT INTO sys_role_menu VALUES ('383', '46', '23');
INSERT INTO sys_role_menu VALUES ('384', '46', '11');
INSERT INTO sys_role_menu VALUES ('385', '46', '12');
INSERT INTO sys_role_menu VALUES ('386', '46', '13');
INSERT INTO sys_role_menu VALUES ('387', '46', '14');
INSERT INTO sys_role_menu VALUES ('388', '46', '24');
INSERT INTO sys_role_menu VALUES ('389', '46', '25');
INSERT INTO sys_role_menu VALUES ('390', '46', '26');
INSERT INTO sys_role_menu VALUES ('391', '46', '15');
INSERT INTO sys_role_menu VALUES ('392', '46', '2');
INSERT INTO sys_role_menu VALUES ('393', '46', '6');
INSERT INTO sys_role_menu VALUES ('394', '46', '7');
INSERT INTO sys_role_menu VALUES ('598', '50', '38');
INSERT INTO sys_role_menu VALUES ('632', '38', '42');
INSERT INTO sys_role_menu VALUES ('737', '51', '38');
INSERT INTO sys_role_menu VALUES ('738', '51', '39');
INSERT INTO sys_role_menu VALUES ('739', '51', '40');
INSERT INTO sys_role_menu VALUES ('740', '51', '41');
INSERT INTO sys_role_menu VALUES ('741', '51', '4');
INSERT INTO sys_role_menu VALUES ('742', '51', '32');
INSERT INTO sys_role_menu VALUES ('743', '51', '33');
INSERT INTO sys_role_menu VALUES ('744', '51', '34');
INSERT INTO sys_role_menu VALUES ('745', '51', '35');
INSERT INTO sys_role_menu VALUES ('746', '51', '27');
INSERT INTO sys_role_menu VALUES ('747', '51', '28');
INSERT INTO sys_role_menu VALUES ('748', '51', '29');
INSERT INTO sys_role_menu VALUES ('749', '51', '30');
INSERT INTO sys_role_menu VALUES ('750', '51', '1');
INSERT INTO sys_role_menu VALUES ('1064', '54', '53');
INSERT INTO sys_role_menu VALUES ('1095', '55', '2');
INSERT INTO sys_role_menu VALUES ('1096', '55', '6');
INSERT INTO sys_role_menu VALUES ('1097', '55', '7');
INSERT INTO sys_role_menu VALUES ('1098', '55', '3');
INSERT INTO sys_role_menu VALUES ('1099', '55', '50');
INSERT INTO sys_role_menu VALUES ('1100', '55', '49');
INSERT INTO sys_role_menu VALUES ('1101', '55', '1');
INSERT INTO sys_role_menu VALUES ('1856', '53', '28');
INSERT INTO sys_role_menu VALUES ('1857', '53', '29');
INSERT INTO sys_role_menu VALUES ('1858', '53', '30');
INSERT INTO sys_role_menu VALUES ('1859', '53', '27');
INSERT INTO sys_role_menu VALUES ('1860', '53', '57');
INSERT INTO sys_role_menu VALUES ('1861', '53', '71');
INSERT INTO sys_role_menu VALUES ('1862', '53', '48');
INSERT INTO sys_role_menu VALUES ('1863', '53', '72');
INSERT INTO sys_role_menu VALUES ('1864', '53', '1');
INSERT INTO sys_role_menu VALUES ('1865', '53', '7');
INSERT INTO sys_role_menu VALUES ('1866', '53', '55');
INSERT INTO sys_role_menu VALUES ('1867', '53', '56');
INSERT INTO sys_role_menu VALUES ('1868', '53', '62');
INSERT INTO sys_role_menu VALUES ('1869', '53', '15');
INSERT INTO sys_role_menu VALUES ('1870', '53', '2');
INSERT INTO sys_role_menu VALUES ('1871', '53', '61');
INSERT INTO sys_role_menu VALUES ('1872', '53', '20');
INSERT INTO sys_role_menu VALUES ('1873', '53', '21');
INSERT INTO sys_role_menu VALUES ('1874', '53', '22');
INSERT INTO sys_role_menu VALUES ('2084', '56', '68');
INSERT INTO sys_role_menu VALUES ('2085', '56', '60');
INSERT INTO sys_role_menu VALUES ('2086', '56', '59');
INSERT INTO sys_role_menu VALUES ('2087', '56', '58');
INSERT INTO sys_role_menu VALUES ('2088', '56', '51');
INSERT INTO sys_role_menu VALUES ('2089', '56', '50');
INSERT INTO sys_role_menu VALUES ('2090', '56', '49');
INSERT INTO sys_role_menu VALUES ('2243', '48', '72');
INSERT INTO sys_role_menu VALUES ('2247', '63', '-1');
INSERT INTO sys_role_menu VALUES ('2248', '63', '84');
INSERT INTO sys_role_menu VALUES ('2249', '63', '85');
INSERT INTO sys_role_menu VALUES ('2250', '63', '88');
INSERT INTO sys_role_menu VALUES ('2251', '63', '87');
INSERT INTO sys_role_menu VALUES ('2252', '64', '84');
INSERT INTO sys_role_menu VALUES ('2253', '64', '89');
INSERT INTO sys_role_menu VALUES ('2254', '64', '88');
INSERT INTO sys_role_menu VALUES ('2255', '64', '87');
INSERT INTO sys_role_menu VALUES ('2256', '64', '86');
INSERT INTO sys_role_menu VALUES ('2257', '64', '85');
INSERT INTO sys_role_menu VALUES ('2258', '65', '89');
INSERT INTO sys_role_menu VALUES ('2259', '65', '88');
INSERT INTO sys_role_menu VALUES ('2260', '65', '86');
INSERT INTO sys_role_menu VALUES ('2262', '67', '48');
INSERT INTO sys_role_menu VALUES ('2263', '68', '88');
INSERT INTO sys_role_menu VALUES ('2264', '68', '87');
INSERT INTO sys_role_menu VALUES ('2265', '69', '89');
INSERT INTO sys_role_menu VALUES ('2266', '69', '88');
INSERT INTO sys_role_menu VALUES ('2267', '69', '86');
INSERT INTO sys_role_menu VALUES ('2268', '69', '87');
INSERT INTO sys_role_menu VALUES ('2269', '69', '85');
INSERT INTO sys_role_menu VALUES ('2270', '69', '84');
INSERT INTO sys_role_menu VALUES ('2271', '70', '85');
INSERT INTO sys_role_menu VALUES ('2272', '70', '89');
INSERT INTO sys_role_menu VALUES ('2273', '70', '88');
INSERT INTO sys_role_menu VALUES ('2274', '70', '87');
INSERT INTO sys_role_menu VALUES ('2275', '70', '86');
INSERT INTO sys_role_menu VALUES ('2276', '70', '84');
INSERT INTO sys_role_menu VALUES ('2277', '71', '87');
INSERT INTO sys_role_menu VALUES ('2278', '72', '59');
INSERT INTO sys_role_menu VALUES ('2279', '73', '48');
INSERT INTO sys_role_menu VALUES ('2280', '74', '88');
INSERT INTO sys_role_menu VALUES ('2281', '74', '87');
INSERT INTO sys_role_menu VALUES ('2282', '75', '88');
INSERT INTO sys_role_menu VALUES ('2283', '75', '87');
INSERT INTO sys_role_menu VALUES ('2284', '76', '85');
INSERT INTO sys_role_menu VALUES ('2285', '76', '89');
INSERT INTO sys_role_menu VALUES ('2286', '76', '88');
INSERT INTO sys_role_menu VALUES ('2287', '76', '87');
INSERT INTO sys_role_menu VALUES ('2288', '76', '86');
INSERT INTO sys_role_menu VALUES ('2289', '76', '84');
INSERT INTO sys_role_menu VALUES ('2292', '78', '88');
INSERT INTO sys_role_menu VALUES ('2293', '78', '87');
INSERT INTO sys_role_menu VALUES ('2294', '78', null);
INSERT INTO sys_role_menu VALUES ('2295', '78', null);
INSERT INTO sys_role_menu VALUES ('2296', '78', null);
INSERT INTO sys_role_menu VALUES ('2308', '80', '87');
INSERT INTO sys_role_menu VALUES ('2309', '80', '86');
INSERT INTO sys_role_menu VALUES ('2310', '80', '-1');
INSERT INTO sys_role_menu VALUES ('2311', '80', '84');
INSERT INTO sys_role_menu VALUES ('2312', '80', '85');
INSERT INTO sys_role_menu VALUES ('2328', '79', '72');
INSERT INTO sys_role_menu VALUES ('2329', '79', '48');
INSERT INTO sys_role_menu VALUES ('2330', '79', '77');
INSERT INTO sys_role_menu VALUES ('2331', '79', '84');
INSERT INTO sys_role_menu VALUES ('2332', '79', '89');
INSERT INTO sys_role_menu VALUES ('2333', '79', '88');
INSERT INTO sys_role_menu VALUES ('2334', '79', '87');
INSERT INTO sys_role_menu VALUES ('2335', '79', '86');
INSERT INTO sys_role_menu VALUES ('2336', '79', '85');
INSERT INTO sys_role_menu VALUES ('2337', '79', '-1');
INSERT INTO sys_role_menu VALUES ('2338', '77', '89');
INSERT INTO sys_role_menu VALUES ('2339', '77', '88');
INSERT INTO sys_role_menu VALUES ('2340', '77', '87');
INSERT INTO sys_role_menu VALUES ('2341', '77', '86');
INSERT INTO sys_role_menu VALUES ('2342', '77', '85');
INSERT INTO sys_role_menu VALUES ('2343', '77', '84');
INSERT INTO sys_role_menu VALUES ('2344', '77', '72');
INSERT INTO sys_role_menu VALUES ('2345', '77', '-1');
INSERT INTO sys_role_menu VALUES ('2346', '77', '77');
INSERT INTO sys_role_menu VALUES ('2911', '1', '98');
INSERT INTO sys_role_menu VALUES ('2912', '1', '100');
INSERT INTO sys_role_menu VALUES ('2913', '1', '99');
INSERT INTO sys_role_menu VALUES ('2914', '1', '95');
INSERT INTO sys_role_menu VALUES ('2915', '1', '92');
INSERT INTO sys_role_menu VALUES ('2916', '1', '57');
INSERT INTO sys_role_menu VALUES ('2917', '1', '30');
INSERT INTO sys_role_menu VALUES ('2918', '1', '29');
INSERT INTO sys_role_menu VALUES ('2919', '1', '28');
INSERT INTO sys_role_menu VALUES ('2920', '1', '90');
INSERT INTO sys_role_menu VALUES ('2921', '1', '89');
INSERT INTO sys_role_menu VALUES ('2922', '1', '88');
INSERT INTO sys_role_menu VALUES ('2923', '1', '87');
INSERT INTO sys_role_menu VALUES ('2924', '1', '86');
INSERT INTO sys_role_menu VALUES ('2925', '1', '72');
INSERT INTO sys_role_menu VALUES ('2926', '1', '48');
INSERT INTO sys_role_menu VALUES ('2927', '1', '68');
INSERT INTO sys_role_menu VALUES ('2928', '1', '60');
INSERT INTO sys_role_menu VALUES ('2929', '1', '59');
INSERT INTO sys_role_menu VALUES ('2930', '1', '58');
INSERT INTO sys_role_menu VALUES ('2931', '1', '51');
INSERT INTO sys_role_menu VALUES ('2932', '1', '76');
INSERT INTO sys_role_menu VALUES ('2933', '1', '75');
INSERT INTO sys_role_menu VALUES ('2934', '1', '74');
INSERT INTO sys_role_menu VALUES ('2935', '1', '62');
INSERT INTO sys_role_menu VALUES ('2936', '1', '56');
INSERT INTO sys_role_menu VALUES ('2937', '1', '55');
INSERT INTO sys_role_menu VALUES ('2938', '1', '15');
INSERT INTO sys_role_menu VALUES ('2939', '1', '26');
INSERT INTO sys_role_menu VALUES ('2940', '1', '25');
INSERT INTO sys_role_menu VALUES ('2941', '1', '24');
INSERT INTO sys_role_menu VALUES ('2942', '1', '14');
INSERT INTO sys_role_menu VALUES ('2943', '1', '13');
INSERT INTO sys_role_menu VALUES ('2944', '1', '12');
INSERT INTO sys_role_menu VALUES ('2945', '1', '61');
INSERT INTO sys_role_menu VALUES ('2946', '1', '22');
INSERT INTO sys_role_menu VALUES ('2947', '1', '21');
INSERT INTO sys_role_menu VALUES ('2948', '1', '20');
INSERT INTO sys_role_menu VALUES ('2949', '1', '83');
INSERT INTO sys_role_menu VALUES ('2950', '1', '81');
INSERT INTO sys_role_menu VALUES ('2951', '1', '80');
INSERT INTO sys_role_menu VALUES ('2952', '1', '79');
INSERT INTO sys_role_menu VALUES ('2953', '1', '71');
INSERT INTO sys_role_menu VALUES ('2954', '1', '97');
INSERT INTO sys_role_menu VALUES ('2955', '1', '96');
INSERT INTO sys_role_menu VALUES ('2956', '1', '94');
INSERT INTO sys_role_menu VALUES ('2957', '1', '27');
INSERT INTO sys_role_menu VALUES ('2958', '1', '91');
INSERT INTO sys_role_menu VALUES ('2959', '1', '85');
INSERT INTO sys_role_menu VALUES ('2960', '1', '84');
INSERT INTO sys_role_menu VALUES ('2961', '1', '77');
INSERT INTO sys_role_menu VALUES ('2962', '1', '50');
INSERT INTO sys_role_menu VALUES ('2963', '1', '49');
INSERT INTO sys_role_menu VALUES ('2964', '1', '73');
INSERT INTO sys_role_menu VALUES ('2965', '1', '7');
INSERT INTO sys_role_menu VALUES ('2966', '1', '6');
INSERT INTO sys_role_menu VALUES ('2967', '1', '2');
INSERT INTO sys_role_menu VALUES ('2968', '1', '3');
INSERT INTO sys_role_menu VALUES ('2969', '1', '78');
INSERT INTO sys_role_menu VALUES ('2970', '1', '1');
INSERT INTO sys_role_menu VALUES ('2971', '1', '101');
INSERT INTO sys_role_menu VALUES ('2972', '1', '93');
INSERT INTO sys_role_menu VALUES ('2973', '1', '-1');
INSERT INTO sys_role_menu VALUES ('2974', '57', '93');
INSERT INTO sys_role_menu VALUES ('2975', '57', '99');
INSERT INTO sys_role_menu VALUES ('2976', '57', '95');
INSERT INTO sys_role_menu VALUES ('2977', '57', '101');
INSERT INTO sys_role_menu VALUES ('2978', '57', '96');
INSERT INTO sys_role_menu VALUES ('2979', '57', '94');
INSERT INTO sys_role_menu VALUES ('2980', '57', '-1');
INSERT INTO sys_role_menu VALUES ('2981', '58', '93');
INSERT INTO sys_role_menu VALUES ('2982', '58', '99');
INSERT INTO sys_role_menu VALUES ('2983', '58', '95');
INSERT INTO sys_role_menu VALUES ('2984', '58', '101');
INSERT INTO sys_role_menu VALUES ('2985', '58', '96');
INSERT INTO sys_role_menu VALUES ('2986', '58', '94');
INSERT INTO sys_role_menu VALUES ('2987', '58', '-1');
INSERT INTO sys_role_menu VALUES ('2988', '59', '84');
INSERT INTO sys_role_menu VALUES ('2989', '59', '89');
INSERT INTO sys_role_menu VALUES ('2990', '59', '88');
INSERT INTO sys_role_menu VALUES ('2991', '59', '87');
INSERT INTO sys_role_menu VALUES ('2992', '59', '86');
INSERT INTO sys_role_menu VALUES ('2993', '59', '90');
INSERT INTO sys_role_menu VALUES ('2994', '59', '85');
INSERT INTO sys_role_menu VALUES ('2995', '59', '97');
INSERT INTO sys_role_menu VALUES ('2996', '59', '98');
INSERT INTO sys_role_menu VALUES ('2997', '59', '93');
INSERT INTO sys_role_menu VALUES ('2998', '59', '99');
INSERT INTO sys_role_menu VALUES ('2999', '59', '95');
INSERT INTO sys_role_menu VALUES ('3000', '59', '101');
INSERT INTO sys_role_menu VALUES ('3001', '59', '96');
INSERT INTO sys_role_menu VALUES ('3002', '59', '94');
INSERT INTO sys_role_menu VALUES ('3003', '59', '49');
INSERT INTO sys_role_menu VALUES ('3004', '59', '60');
INSERT INTO sys_role_menu VALUES ('3005', '59', '59');
INSERT INTO sys_role_menu VALUES ('3006', '59', '58');
INSERT INTO sys_role_menu VALUES ('3007', '59', '51');
INSERT INTO sys_role_menu VALUES ('3008', '59', '68');
INSERT INTO sys_role_menu VALUES ('3009', '59', '50');
INSERT INTO sys_role_menu VALUES ('3010', '59', '1');
INSERT INTO sys_role_menu VALUES ('3011', '59', '83');
INSERT INTO sys_role_menu VALUES ('3012', '59', '81');
INSERT INTO sys_role_menu VALUES ('3013', '59', '80');
INSERT INTO sys_role_menu VALUES ('3014', '59', '79');
INSERT INTO sys_role_menu VALUES ('3015', '59', '78');
INSERT INTO sys_role_menu VALUES ('3016', '59', '71');
INSERT INTO sys_role_menu VALUES ('3017', '59', '-1');

-- ----------------------------
-- Table structure for `sys_task`
-- ----------------------------
DROP TABLE IF EXISTS `sys_task`;
CREATE TABLE `sys_task` (
  `id` bigint(20) NOT NULL AUTO_INCREMENT,
  `cron_expression` varchar(255) DEFAULT NULL COMMENT 'cron表达式',
  `method_name` varchar(255) DEFAULT NULL COMMENT '任务调用的方法名',
  `is_concurrent` varchar(255) DEFAULT NULL COMMENT '任务是否有状态',
  `description` varchar(255) DEFAULT NULL COMMENT '任务描述',
  `update_by` varchar(64) DEFAULT NULL COMMENT '更新者',
  `bean_class` varchar(255) DEFAULT NULL COMMENT '任务执行时调用哪个类的方法 包名+类名',
  `create_date` datetime DEFAULT NULL COMMENT '创建时间',
  `job_status` varchar(255) DEFAULT NULL COMMENT '任务状态',
  `job_group` varchar(255) DEFAULT NULL COMMENT '任务分组',
  `update_date` datetime DEFAULT NULL COMMENT '更新时间',
  `create_by` varchar(64) DEFAULT NULL COMMENT '创建者',
  `spring_bean` varchar(255) DEFAULT NULL COMMENT 'Spring bean',
  `job_name` varchar(255) DEFAULT NULL COMMENT '任务名',
  PRIMARY KEY (`id`)
) ENGINE=MyISAM AUTO_INCREMENT=8 DEFAULT CHARSET=utf8;

-- ----------------------------
-- Records of sys_task
-- ----------------------------
INSERT INTO sys_task VALUES ('2', '0/10 * * * * ?', 'run1', '1', '', '4028ea815a3d2a8c015a3d2f8d2a0002', 'com.jflyommon.task.WelcomeJob', '2017-05-19 18:30:56', '0', 'group1', '2017-05-19 18:31:07', null, '', 'welcomJob');

-- ----------------------------
-- Table structure for `sys_user`
-- ----------------------------
DROP TABLE IF EXISTS `sys_user`;
CREATE TABLE `sys_user` (
  `user_id` bigint(20) NOT NULL AUTO_INCREMENT,
  `username` varchar(50) DEFAULT NULL COMMENT '用户名',
  `name` varchar(100) DEFAULT NULL,
  `password` varchar(50) DEFAULT NULL COMMENT '密码',
  `dept_id` bigint(20) DEFAULT NULL,
  `email` varchar(100) DEFAULT NULL COMMENT '邮箱',
  `mobile` varchar(100) DEFAULT NULL COMMENT '手机号',
  `status` tinyint(255) DEFAULT NULL COMMENT '状态 0:禁用，1:正常',
  `user_id_create` bigint(255) DEFAULT NULL COMMENT '创建用户id',
  `gmt_create` datetime DEFAULT NULL COMMENT '创建时间',
  `gmt_modified` datetime DEFAULT NULL COMMENT '修改时间',
  `sex` bigint(32) DEFAULT NULL COMMENT '性别',
  `birth` datetime DEFAULT NULL COMMENT '出身日期',
  `pic_id` bigint(32) DEFAULT NULL,
  `live_address` varchar(500) DEFAULT NULL COMMENT '现居住地',
  `hobby` varchar(255) DEFAULT NULL COMMENT '爱好',
  `province` varchar(255) DEFAULT NULL COMMENT '省份',
  `city` varchar(255) DEFAULT NULL COMMENT '所在城市',
  `district` varchar(255) DEFAULT NULL COMMENT '所在地区',
  PRIMARY KEY (`user_id`)
) ENGINE=InnoDB AUTO_INCREMENT=138 DEFAULT CHARSET=utf8;

-- ----------------------------
-- Records of sys_user
-- ----------------------------
INSERT INTO sys_user VALUES ('1', 'admin', '超级管理员', '7c0aeeaa1aa4427a5eb351c8f8cf38da', '6', 'admin@example.com', '18888888888', '1', '1', '2017-08-15 21:40:39', '2017-08-15 21:41:00', '96', '2017-12-14 00:00:00', '138', 'ccc', '121;', '江苏省', '无锡市', '梁溪区');
INSERT INTO sys_user VALUES ('2', 'test', '临时用户', '6cf3bb3deba2aadbd41ec9a22511084e', '6', 'test@jfly.com', null, '1', '1', '2017-08-14 13:43:05', '2017-08-14 21:15:36', null, null, null, null, null, null, null, null);
INSERT INTO sys_user VALUES ('36', 'ldh', '刘德华', 'bfd9394475754fbe45866eba97738c36', '7', 'ldh@jfly.com', null, '1', null, null, null, null, null, null, null, null, null, null, null);
INSERT INTO sys_user VALUES ('123', 'zxy', '张学友', '35174ba93f5fe7267f1fb3c1bf903781', '6', 'zxy@jfly', null, '0', null, null, null, null, null, null, null, null, null, null, null);
INSERT INTO sys_user VALUES ('124', 'wyf', '吴亦凡', 'e179e6f687bbd57b9d7efc4746c8090a', '6', 'wyf@jfly.com', null, '1', null, null, null, null, null, null, null, null, null, null, null);
INSERT INTO sys_user VALUES ('130', 'lh', '鹿晗', '7924710cd673f68967cde70e188bb097', '9', 'lh@jfly.com', null, '1', null, null, null, null, null, null, null, null, null, null, null);
INSERT INTO sys_user VALUES ('131', 'lhc', '令狐冲', 'd515538e17ecb570ba40344b5618f5d4', '6', 'lhc@jfly.com', null, '0', null, null, null, null, null, null, null, null, null, null, null);
INSERT INTO sys_user VALUES ('132', 'lyf', '刘亦菲', '7fdb1d9008f45950c1620ba0864e5fbd', '13', 'lyf@jfly.com', null, '1', null, null, null, null, null, null, null, null, null, null, null);
INSERT INTO sys_user VALUES ('134', 'lyh', '李彦宏', 'dc26092b3244d9d432863f2738180e19', '8', 'lyh@jfly.com', null, '1', null, null, null, null, null, null, null, null, null, null, null);
INSERT INTO sys_user VALUES ('135', 'wjl', '王健林', '3967697dfced162cf6a34080259b83aa', '16', 'wjl@qq.com', null, '1', null, null, null, null, null, null, null, null, null, null, null);
INSERT INTO sys_user VALUES ('136', 'gdg', '郭德纲', '3bb1bda86bc02bf6478cd91e42135d2f', '9', 'gdg@jfly.com', null, '1', null, null, null, null, null, null, null, null, null, null, null);
INSERT INTO sys_user VALUES ('137', 'test2', '测试用户2', '649169898e69272c0e5bc899baf1e904', '12', 'test2@jfly.com', null, '1', null, null, null, null, null, null, null, null, null, null, null);

-- ----------------------------
-- Table structure for `sys_user_plus`
-- ----------------------------
DROP TABLE IF EXISTS `sys_user_plus`;
CREATE TABLE `sys_user_plus` (
  `id` bigint(20) NOT NULL AUTO_INCREMENT,
  `user_id` bigint(20) NOT NULL,
  `payment` double DEFAULT NULL,
  PRIMARY KEY (`id`)
) ENGINE=InnoDB DEFAULT CHARSET=utf8;

-- ----------------------------
-- Records of sys_user_plus
-- ----------------------------

-- ----------------------------
-- Table structure for `sys_user_role`
-- ----------------------------
DROP TABLE IF EXISTS `sys_user_role`;
CREATE TABLE `sys_user_role` (
  `id` bigint(20) NOT NULL AUTO_INCREMENT,
  `user_id` bigint(20) DEFAULT NULL COMMENT '用户ID',
  `role_id` bigint(20) DEFAULT NULL COMMENT '角色ID',
  PRIMARY KEY (`id`)
) ENGINE=InnoDB AUTO_INCREMENT=136 DEFAULT CHARSET=utf8 COMMENT='用户与角色对应关系';

-- ----------------------------
-- Records of sys_user_role
-- ----------------------------
INSERT INTO sys_user_role VALUES ('73', '30', '48');
INSERT INTO sys_user_role VALUES ('74', '30', '49');
INSERT INTO sys_user_role VALUES ('75', '30', '50');
INSERT INTO sys_user_role VALUES ('76', '31', '48');
INSERT INTO sys_user_role VALUES ('77', '31', '49');
INSERT INTO sys_user_role VALUES ('78', '31', '52');
INSERT INTO sys_user_role VALUES ('79', '32', '48');
INSERT INTO sys_user_role VALUES ('80', '32', '49');
INSERT INTO sys_user_role VALUES ('81', '32', '50');
INSERT INTO sys_user_role VALUES ('82', '32', '51');
INSERT INTO sys_user_role VALUES ('83', '32', '52');
INSERT INTO sys_user_role VALUES ('84', '33', '38');
INSERT INTO sys_user_role VALUES ('85', '33', '49');
INSERT INTO sys_user_role VALUES ('86', '33', '52');
INSERT INTO sys_user_role VALUES ('87', '34', '50');
INSERT INTO sys_user_role VALUES ('88', '34', '51');
INSERT INTO sys_user_role VALUES ('89', '34', '52');
INSERT INTO sys_user_role VALUES ('106', '124', '1');
INSERT INTO sys_user_role VALUES ('110', '1', '1');
INSERT INTO sys_user_role VALUES ('111', '2', '1');
INSERT INTO sys_user_role VALUES ('113', '131', '48');
INSERT INTO sys_user_role VALUES ('120', '134', '1');
INSERT INTO sys_user_role VALUES ('121', '134', '48');
INSERT INTO sys_user_role VALUES ('123', '130', '1');
INSERT INTO sys_user_role VALUES ('124', null, '48');
INSERT INTO sys_user_role VALUES ('125', '132', '52');
INSERT INTO sys_user_role VALUES ('126', '132', '49');
INSERT INTO sys_user_role VALUES ('127', '123', '48');
INSERT INTO sys_user_role VALUES ('132', '36', '48');
INSERT INTO sys_user_role VALUES ('134', '135', '59');
INSERT INTO sys_user_role VALUES ('135', '137', '59');
